# Blender 4.2.4 LTS
# www.blender.org
mtllib mini_sumo_chassis.mtl
o MiniSumo_Chassis
v 1.506699 0.956699 -1.506699
v 1.506699 1.056699 -1.406699
v 1.406699 1.056699 -1.506699
v 1.506699 0.985988 -1.435988
v 1.448964 0.998964 -1.448964
v 1.435988 1.056699 -1.435988
v 1.435988 0.985988 -1.506699
v 1.506699 2.943301 -1.406699
v 1.506699 3.043301 -1.506699
v 1.406699 2.943301 -1.506699
v 1.506699 3.014012 -1.435988
v 1.448964 3.001036 -1.448964
v 1.435988 3.014012 -1.506699
v 1.435988 2.943301 -1.435988
v 1.506699 0.956699 -6.293302
v 1.406699 1.056699 -6.293302
v 1.506699 1.056699 -6.393301
v 1.435988 0.985988 -6.293302
v 1.448964 0.998964 -6.351037
v 1.435988 1.056699 -6.364012
v 1.506699 0.985988 -6.364012
v 1.506699 3.043301 -6.293302
v 1.506699 2.943301 -6.393301
v 1.406699 2.943301 -6.293302
v 1.506699 3.014012 -6.364012
v 1.448964 3.001036 -6.351037
v 1.435988 2.943301 -6.364012
v 1.435988 3.014012 -6.293302
v 6.293302 0.956699 -1.506699
v 6.393301 1.056699 -1.506699
v 6.293302 1.056699 -1.406699
v 6.364012 0.985988 -1.506699
v 6.351037 0.998964 -1.448964
v 6.364012 1.056699 -1.435988
v 6.293302 0.985988 -1.435988
v 6.293302 3.043301 -1.506699
v 6.293302 2.943301 -1.406699
v 6.393301 2.943301 -1.506699
v 6.293302 3.014012 -1.435988
v 6.351037 3.001036 -1.448964
v 6.364012 2.943301 -1.435988
v 6.364012 3.014012 -1.506699
v 6.293302 0.956699 -6.293302
v 6.293302 1.056699 -6.393301
v 6.393301 1.056699 -6.293302
v 6.293302 0.985988 -6.364012
v 6.351037 0.998964 -6.351037
v 6.364012 1.056699 -6.364012
v 6.364012 0.985988 -6.293302
v 6.293302 3.043301 -6.293302
v 6.393301 2.943301 -6.293302
v 6.293302 2.943301 -6.393301
v 6.364012 3.014012 -6.293302
v 6.351037 3.001036 -6.351037
v 6.364012 2.943301 -6.364012
v 6.293302 3.014012 -6.364012
v 1.679904 1.129904 -1.679904
v 1.579904 1.229904 -1.679904
v 1.679904 1.229904 -1.579904
v 1.609193 1.159193 -1.679904
v 1.622169 1.172169 -1.622169
v 1.609193 1.229904 -1.609193
v 1.679904 1.159193 -1.609193
v 1.679904 2.770096 -1.579904
v 1.579904 2.770096 -1.679904
v 1.679904 2.870096 -1.679904
v 1.609193 2.770096 -1.609193
v 1.622169 2.827831 -1.622169
v 1.609193 2.840807 -1.679904
v 1.679904 2.840807 -1.609193
v 1.679904 1.129904 -6.120096
v 1.679904 1.229904 -6.220097
v 1.579904 1.229904 -6.120096
v 1.679904 1.159193 -6.190807
v 1.622169 1.172169 -6.177832
v 1.609193 1.229904 -6.190807
v 1.609193 1.159193 -6.120097
v 1.679904 2.870096 -6.120096
v 1.579904 2.770096 -6.120096
v 1.679904 2.770096 -6.220097
v 1.609193 2.840807 -6.120097
v 1.622169 2.827831 -6.177832
v 1.609193 2.770096 -6.190807
v 1.679904 2.840807 -6.190807
v 6.120096 1.129904 -1.679904
v 6.120096 1.229904 -1.579904
v 6.220097 1.229904 -1.679904
v 6.120097 1.159193 -1.609193
v 6.177832 1.172169 -1.622169
v 6.190807 1.229904 -1.609193
v 6.190807 1.159193 -1.679904
v 6.120096 2.870096 -1.679904
v 6.220097 2.770096 -1.679904
v 6.120096 2.770096 -1.579904
v 6.190807 2.840807 -1.679904
v 6.177832 2.827831 -1.622169
v 6.190807 2.770096 -1.609193
v 6.120097 2.840807 -1.609193
v 6.120096 1.129904 -6.120096
v 6.220097 1.229904 -6.120096
v 6.120096 1.229904 -6.220097
v 6.190807 1.159193 -6.120097
v 6.177832 1.172169 -6.177832
v 6.190807 1.229904 -6.190807
v 6.120097 1.159193 -6.190807
v 6.120096 2.870096 -6.120096
v 6.120096 2.770096 -6.220097
v 6.220097 2.770096 -6.120096
v 6.120097 2.840807 -6.190807
v 6.177832 2.827831 -6.177832
v 6.190807 2.770096 -6.190807
v 6.190807 2.840807 -6.120097
vn -0.0000 -0.0000 1.0000
vn 1.0000 -0.0000 -0.0000
vn -0.0000 1.0000 -0.0000
vn -1.0000 -0.0000 -0.0000
vn -0.0000 -0.0000 -1.0000
vn -0.0000 -1.0000 -0.0000
vn -0.3251 -0.8881 0.3251
vn -0.3251 -0.3251 0.8881
vn -0.8881 -0.3251 0.3251
vn -0.3251 0.3251 0.8881
vn -0.3251 0.8881 0.3251
vn -0.8881 0.3251 0.3251
vn -0.3251 -0.8881 -0.3251
vn -0.8881 -0.3251 -0.3251
vn -0.3251 -0.3251 -0.8881
vn -0.3251 0.8881 -0.3251
vn -0.3251 0.3251 -0.8881
vn -0.8881 0.3251 -0.3251
vn 0.3251 -0.8881 0.3251
vn 0.8881 -0.3251 0.3251
vn 0.3251 -0.3251 0.8881
vn 0.3251 0.8881 0.3251
vn 0.3251 0.3251 0.8881
vn 0.8881 0.3251 0.3251
vn 0.3251 -0.8881 -0.3251
vn 0.3251 -0.3251 -0.8881
vn 0.8881 -0.3251 -0.3251
vn 0.3251 0.8881 -0.3251
vn 0.8881 0.3251 -0.3251
vn 0.3251 0.3251 -0.8881
vn -0.3827 -0.9239 -0.0000
vn -0.9239 -0.3827 -0.0000
vn -0.3827 -0.0000 0.9239
vn -0.9239 -0.0000 0.3827
vn -0.3827 0.9239 -0.0000
vn -0.9239 0.3827 -0.0000
vn -0.3827 -0.0000 -0.9239
vn -0.9239 -0.0000 -0.3827
vn -0.0000 -0.9239 -0.3827
vn -0.0000 -0.3827 -0.9239
vn -0.0000 0.9239 -0.3827
vn -0.0000 0.3827 -0.9239
vn 0.9239 -0.0000 -0.3827
vn 0.3827 -0.0000 -0.9239
vn 0.3827 -0.9239 -0.0000
vn 0.9239 -0.3827 -0.0000
vn 0.3827 0.9239 -0.0000
vn 0.9239 0.3827 -0.0000
vn 0.3827 -0.0000 0.9239
vn 0.9239 -0.0000 0.3827
vn -0.0000 -0.9239 0.3827
vn -0.0000 -0.3827 0.9239
vn -0.0000 0.9239 0.3827
vn -0.0000 0.3827 0.9239
vt 0.386981 0.755013
vt 0.613019 0.755013
vt 0.613019 0.994987
vt 0.386981 0.994987
vt 0.386981 0.505013
vt 0.613019 0.505013
vt 0.613019 0.744987
vt 0.386981 0.744987
vt 0.130388 0.505388
vt 0.130388 0.744612
vt 0.369612 0.744612
vt 0.369612 0.505388
vt 0.630014 0.505013
vt 0.869987 0.505013
vt 0.869987 0.744987
vt 0.630014 0.744987
vt 0.386981 0.005013
vt 0.613019 0.005013
vt 0.613019 0.244987
vt 0.386981 0.244987
vt 0.386981 0.255013
vt 0.613019 0.255013
vt 0.613019 0.494987
vt 0.386981 0.494987
vt 0.389366 0.755388
vt 0.389366 0.994612
vt 0.610634 0.994612
vt 0.610634 0.755388
vt 0.389366 0.505388
vt 0.389366 0.744612
vt 0.610634 0.744612
vt 0.610634 0.505388
vt 0.630388 0.505388
vt 0.630388 0.744612
vt 0.869612 0.744612
vt 0.869612 0.505388
vt 0.389366 0.005388
vt 0.389366 0.244612
vt 0.610634 0.244612
vt 0.610634 0.005388
vt 0.389366 0.255388
vt 0.389366 0.494612
vt 0.610634 0.494612
vt 0.610634 0.255388
vt 0.130013 0.744987
vt 0.130013 0.750000
vt 0.127119 0.750000
vt 0.125000 0.744987
vt 0.386981 1.000000
vt 0.380064 1.000000
vt 0.375000 0.994987
vt 0.375000 0.005013
vt 0.375000 0.002119
vt 0.386981 0.000000
vt 0.625000 0.994987
vt 0.625000 0.997881
vt 0.613019 1.000000
vt 0.875000 0.744987
vt 0.875000 0.747881
vt 0.869987 0.750000
vt 0.613019 0.000000
vt 0.619936 0.000000
vt 0.625000 0.005013
vt 0.130013 0.505013
vt 0.125000 0.505013
vt 0.125000 0.502119
vt 0.130013 0.500000
vt 0.386981 0.250000
vt 0.380064 0.250000
vt 0.375000 0.244987
vt 0.375000 0.255013
vt 0.375000 0.252119
vt 0.869987 0.500000
vt 0.872881 0.500000
vt 0.875000 0.505013
vt 0.613019 0.250000
vt 0.619936 0.250000
vt 0.625000 0.255013
vt 0.625000 0.244987
vt 0.625000 0.247881
vt 0.369987 0.744987
vt 0.375000 0.744987
vt 0.376688 0.750000
vt 0.369987 0.750000
vt 0.386981 0.750000
vt 0.375000 0.755013
vt 0.630013 0.750000
vt 0.624018 0.749294
vt 0.625000 0.744987
vt 0.613019 0.750000
vt 0.625000 0.755013
vt 0.369987 0.505013
vt 0.369987 0.500000
vt 0.375982 0.500706
vt 0.375000 0.505013
vt 0.386981 0.500000
vt 0.375000 0.494987
vt 0.625000 0.505013
vt 0.623312 0.500000
vt 0.630013 0.500000
vt 0.613019 0.500000
vt 0.625000 0.494987
vt 0.125000 0.744612
vt 0.125000 0.747723
vt 0.130388 0.750000
vt 0.389366 0.000000
vt 0.381072 0.000000
vt 0.375000 0.005388
vt 0.375000 0.994612
vt 0.375000 0.997723
vt 0.389366 1.000000
vt 0.610634 1.000000
vt 0.618928 1.000000
vt 0.625000 0.994612
vt 0.625000 0.005388
vt 0.625000 0.002277
vt 0.610634 0.000000
vt 0.869612 0.750000
vt 0.872723 0.750000
vt 0.875000 0.744612
vt 0.130388 0.500000
vt 0.127277 0.500000
vt 0.125000 0.505388
vt 0.389366 0.250000
vt 0.381072 0.250000
vt 0.375000 0.255388
vt 0.375000 0.244612
vt 0.375000 0.247723
vt 0.875000 0.505388
vt 0.875000 0.502277
vt 0.869612 0.500000
vt 0.610634 0.250000
vt 0.618928 0.250000
vt 0.625000 0.244612
vt 0.625000 0.255388
vt 0.625000 0.252277
vt 0.369612 0.750000
vt 0.376265 0.749241
vt 0.375000 0.744612
vt 0.389366 0.750000
vt 0.375000 0.755388
vt 0.625000 0.744612
vt 0.622976 0.750000
vt 0.630388 0.750000
vt 0.610634 0.750000
vt 0.625000 0.755388
vt 0.375000 0.505388
vt 0.377024 0.500000
vt 0.369612 0.500000
vt 0.389366 0.500000
vt 0.375000 0.494612
vt 0.630388 0.500000
vt 0.623735 0.500759
vt 0.625000 0.505388
vt 0.610634 0.500000
vt 0.625000 0.494612
s 0
usemtl Chassis_Material
f 31/1/1 37/2/1 8/3/1 2/4/1
f 45/5/2 51/6/2 38/7/2 30/8/2
f 71/9/3 57/10/3 85/11/3 99/12/3
f 50/13/3 22/14/3 9/15/3 36/16/3
f 3/17/4 10/18/4 24/19/4 16/20/4
f 17/21/5 23/22/5 52/23/5 44/24/5
f 86/25/5 59/26/5 64/27/5 94/28/5
f 100/29/4 87/30/4 93/31/4 108/32/4
f 106/33/6 92/34/6 66/35/6 78/36/6
f 58/37/2 73/38/2 79/39/2 65/40/2
f 72/41/1 101/42/1 107/43/1 80/44/1
f 1/45/7 4/46/7 5/47/7 7/48/7
f 2/4/8 6/49/8 5/50/8 4/51/8
f 3/17/9 7/52/9 5/53/9 6/54/9
f 8/3/10 11/55/10 12/56/10 14/57/10
f 9/15/11 13/58/11 12/59/11 11/60/11
f 10/18/12 14/61/12 12/62/12 13/63/12
f 15/64/13 18/65/13 19/66/13 21/67/13
f 16/20/14 20/68/14 19/69/14 18/70/14
f 17/21/15 21/71/15 19/72/15 20/68/15
f 22/14/16 25/73/16 26/74/16 28/75/16
f 23/22/17 27/76/17 26/77/17 25/78/17
f 24/19/18 28/79/18 26/80/18 27/76/18
f 29/81/19 32/82/19 33/83/19 35/84/19
f 30/8/20 34/85/20 33/83/20 32/82/20
f 31/1/21 35/86/21 33/83/21 34/85/21
f 36/16/22 39/87/22 40/88/22 42/89/22
f 37/2/23 41/90/23 40/88/23 39/91/23
f 38/7/24 42/89/24 40/88/24 41/90/24
f 43/92/25 46/93/25 47/94/25 49/95/25
f 44/24/26 48/96/26 47/94/26 46/97/26
f 45/5/27 49/95/27 47/94/27 48/96/27
f 50/13/28 53/98/28 54/99/28 56/100/28
f 51/6/29 55/101/29 54/99/29 53/98/29
f 52/23/30 56/102/30 54/99/30 55/101/30
f 57/10/28 60/103/28 61/104/28 63/105/28
f 58/37/29 62/106/29 61/107/29 60/108/29
f 59/26/30 63/109/30 61/110/30 62/111/30
f 64/27/26 67/112/26 68/113/26 70/114/26
f 65/40/27 69/115/27 68/116/27 67/117/27
f 66/35/25 70/118/25 68/119/25 69/120/25
f 71/9/22 74/121/22 75/122/22 77/123/22
f 72/41/23 76/124/23 75/125/23 74/126/23
f 73/38/24 77/127/24 75/128/24 76/124/24
f 78/36/19 81/129/19 82/130/19 84/131/19
f 79/39/20 83/132/20 82/133/20 81/134/20
f 80/44/21 84/135/21 82/136/21 83/132/21
f 85/11/16 88/137/16 89/138/16 91/139/16
f 86/25/17 90/140/17 89/138/17 88/141/17
f 87/30/18 91/139/18 89/138/18 90/140/18
f 92/34/13 95/142/13 96/143/13 98/144/13
f 93/31/14 97/145/14 96/143/14 95/142/14
f 94/28/15 98/146/15 96/143/15 97/145/15
f 99/12/11 102/147/11 103/148/11 105/149/11
f 100/29/12 104/150/12 103/148/12 102/147/12
f 101/42/10 105/151/10 103/148/10 104/150/10
f 106/33/7 109/152/7 110/153/7 112/154/7
f 107/43/8 111/155/8 110/153/8 109/156/8
f 108/32/9 112/154/9 110/153/9 111/155/9
f 15/64/31 1/45/31 7/48/31 18/65/31
f 18/70/32 7/52/32 3/17/32 16/20/32
f 2/4/33 8/3/33 14/57/33 6/49/33
f 6/54/34 14/61/34 10/18/34 3/17/34
f 9/15/35 22/14/35 28/75/35 13/58/35
f 13/63/36 28/79/36 24/19/36 10/18/36
f 23/22/37 17/21/37 20/68/37 27/76/37
f 27/76/38 20/68/38 16/20/38 24/19/38
f 43/92/39 15/64/39 21/67/39 46/93/39
f 46/97/40 21/71/40 17/21/40 44/24/40
f 22/14/41 50/13/41 56/100/41 25/73/41
f 25/78/42 56/102/42 52/23/42 23/22/42
f 51/6/43 45/5/43 48/96/43 55/101/43
f 55/101/44 48/96/44 44/24/44 52/23/44
f 29/81/45 43/92/45 49/95/45 32/82/45
f 32/82/46 49/95/46 45/5/46 30/8/46
f 50/13/47 36/16/47 42/89/47 53/98/47
f 53/98/48 42/89/48 38/7/48 51/6/48
f 37/2/49 31/1/49 34/85/49 41/90/49
f 41/90/50 34/85/50 30/8/50 38/7/50
f 1/45/51 29/81/51 35/84/51 4/46/51
f 4/51/52 35/86/52 31/1/52 2/4/52
f 36/16/53 9/15/53 11/60/53 39/87/53
f 39/91/54 11/55/54 8/3/54 37/2/54
f 73/38/48 58/37/48 60/108/48 77/127/48
f 77/123/47 60/103/47 57/10/47 71/9/47
f 58/37/43 65/40/43 67/117/43 62/106/43
f 62/111/44 67/112/44 64/27/44 59/26/44
f 65/40/46 79/39/46 81/134/46 69/115/46
f 69/120/45 81/129/45 78/36/45 66/35/45
f 79/39/50 73/38/50 76/124/50 83/132/50
f 83/132/49 76/124/49 72/41/49 80/44/49
f 101/42/54 72/41/54 74/126/54 105/151/54
f 105/149/53 74/121/53 71/9/53 99/12/53
f 80/44/52 107/43/52 109/156/52 84/135/52
f 84/131/51 109/152/51 106/33/51 78/36/51
f 107/43/33 101/42/33 104/150/33 111/155/33
f 111/155/34 104/150/34 100/29/34 108/32/34
f 87/30/36 100/29/36 102/147/36 91/139/36
f 91/139/35 102/147/35 99/12/35 85/11/35
f 108/32/32 93/31/32 95/142/32 112/154/32
f 112/154/31 95/142/31 92/34/31 106/33/31
f 93/31/38 87/30/38 90/140/38 97/145/38
f 97/145/37 90/140/37 86/25/37 94/28/37
f 59/26/42 86/25/42 88/141/42 63/109/42
f 63/105/41 88/137/41 85/11/41 57/10/41
f 94/28/40 64/27/40 70/114/40 98/146/40
f 98/144/39 70/118/39 66/35/39 92/34/39
f 15/64/6 43/92/6 29/81/6 1/45/6
o Motor_FL_Hole
v 2.000000 0.150000 -3.000000
v 2.000000 2.650000 -3.000000
v 2.195090 0.150000 -2.980785
v 2.195090 2.650000 -2.980785
v 2.382684 0.150000 -2.923880
v 2.382684 2.650000 -2.923880
v 2.555570 0.150000 -2.831470
v 2.555570 2.650000 -2.831470
v 2.707107 0.150000 -2.707107
v 2.707107 2.650000 -2.707107
v 2.831470 0.150000 -2.555570
v 2.831470 2.650000 -2.555570
v 2.923880 0.150000 -2.382684
v 2.923880 2.650000 -2.382684
v 2.980785 0.150000 -2.195090
v 2.980785 2.650000 -2.195090
v 3.000000 0.150000 -2.000000
v 3.000000 2.650000 -2.000000
v 2.980785 0.150000 -1.804910
v 2.980785 2.650000 -1.804910
v 2.923880 0.150000 -1.617316
v 2.923880 2.650000 -1.617316
v 2.831470 0.150000 -1.444430
v 2.831470 2.650000 -1.444430
v 2.707107 0.150000 -1.292893
v 2.707107 2.650000 -1.292893
v 2.555570 0.150000 -1.168530
v 2.555570 2.650000 -1.168530
v 2.382684 0.150000 -1.076120
v 2.382684 2.650000 -1.076120
v 2.195090 0.150000 -1.019215
v 2.195090 2.650000 -1.019215
v 2.000000 0.150000 -1.000000
v 2.000000 2.650000 -1.000000
v 1.804910 0.150000 -1.019215
v 1.804910 2.650000 -1.019215
v 1.617316 0.150000 -1.076120
v 1.617316 2.650000 -1.076120
v 1.444430 0.150000 -1.168530
v 1.444430 2.650000 -1.168530
v 1.292893 0.150000 -1.292893
v 1.292893 2.650000 -1.292893
v 1.168530 0.150000 -1.444430
v 1.168530 2.650000 -1.444430
v 1.076120 0.150000 -1.617316
v 1.076120 2.650000 -1.617316
v 1.019215 0.150000 -1.804910
v 1.019215 2.650000 -1.804910
v 1.000000 0.150000 -2.000000
v 1.000000 2.650000 -2.000000
v 1.019215 0.150000 -2.195090
v 1.019215 2.650000 -2.195090
v 1.076120 0.150000 -2.382684
v 1.076120 2.650000 -2.382684
v 1.168530 0.150000 -2.555570
v 1.168530 2.650000 -2.555570
v 1.292893 0.150000 -2.707107
v 1.292893 2.650000 -2.707107
v 1.444430 0.150000 -2.831470
v 1.444430 2.650000 -2.831470
v 1.617316 0.150000 -2.923880
v 1.617316 2.650000 -2.923880
v 1.804910 0.150000 -2.980785
v 1.804910 2.650000 -2.980785
vn 0.0980 -0.0000 -0.9952
vn 0.2903 -0.0000 -0.9569
vn 0.4714 -0.0000 -0.8819
vn 0.6344 -0.0000 -0.7730
vn 0.7730 -0.0000 -0.6344
vn 0.8819 -0.0000 -0.4714
vn 0.9569 -0.0000 -0.2903
vn 0.9952 -0.0000 -0.0980
vn 0.9952 -0.0000 0.0980
vn 0.9569 -0.0000 0.2903
vn 0.8819 -0.0000 0.4714
vn 0.7730 -0.0000 0.6344
vn 0.6344 -0.0000 0.7730
vn 0.4714 -0.0000 0.8819
vn 0.2903 -0.0000 0.9569
vn 0.0980 -0.0000 0.9952
vn -0.0980 -0.0000 0.9952
vn -0.2903 -0.0000 0.9569
vn -0.4714 -0.0000 0.8819
vn -0.6344 -0.0000 0.7730
vn -0.7730 -0.0000 0.6344
vn -0.8819 -0.0000 0.4714
vn -0.9569 -0.0000 0.2903
vn -0.9952 -0.0000 0.0980
vn -0.9952 -0.0000 -0.0980
vn -0.9569 -0.0000 -0.2903
vn -0.8819 -0.0000 -0.4714
vn -0.7730 -0.0000 -0.6344
vn -0.6344 -0.0000 -0.7730
vn -0.4714 -0.0000 -0.8819
vn -0.0000 1.0000 -0.0000
vn -0.2903 -0.0000 -0.9569
vn -0.0980 -0.0000 -0.9952
vn -0.0000 -1.0000 -0.0000
vt 1.000000 0.500000
vt 1.000000 1.000000
vt 0.968750 1.000000
vt 0.968750 0.500000
vt 0.937500 1.000000
vt 0.937500 0.500000
vt 0.906250 1.000000
vt 0.906250 0.500000
vt 0.875000 1.000000
vt 0.875000 0.500000
vt 0.843750 1.000000
vt 0.843750 0.500000
vt 0.812500 1.000000
vt 0.812500 0.500000
vt 0.781250 1.000000
vt 0.781250 0.500000
vt 0.750000 1.000000
vt 0.750000 0.500000
vt 0.718750 1.000000
vt 0.718750 0.500000
vt 0.687500 1.000000
vt 0.687500 0.500000
vt 0.656250 1.000000
vt 0.656250 0.500000
vt 0.625000 1.000000
vt 0.625000 0.500000
vt 0.593750 1.000000
vt 0.593750 0.500000
vt 0.562500 1.000000
vt 0.562500 0.500000
vt 0.531250 1.000000
vt 0.531250 0.500000
vt 0.500000 1.000000
vt 0.500000 0.500000
vt 0.468750 1.000000
vt 0.468750 0.500000
vt 0.437500 1.000000
vt 0.437500 0.500000
vt 0.406250 1.000000
vt 0.406250 0.500000
vt 0.375000 1.000000
vt 0.375000 0.500000
vt 0.343750 1.000000
vt 0.343750 0.500000
vt 0.312500 1.000000
vt 0.312500 0.500000
vt 0.281250 1.000000
vt 0.281250 0.500000
vt 0.250000 1.000000
vt 0.250000 0.500000
vt 0.218750 1.000000
vt 0.218750 0.500000
vt 0.187500 1.000000
vt 0.187500 0.500000
vt 0.156250 1.000000
vt 0.156250 0.500000
vt 0.125000 1.000000
vt 0.125000 0.500000
vt 0.093750 1.000000
vt 0.093750 0.500000
vt 0.062500 1.000000
vt 0.062500 0.500000
vt 0.296822 0.485388
vt 0.250000 0.490000
vt 0.203178 0.485388
vt 0.158156 0.471731
vt 0.116663 0.449553
vt 0.080294 0.419706
vt 0.050447 0.383337
vt 0.028269 0.341844
vt 0.014612 0.296822
vt 0.010000 0.250000
vt 0.014612 0.203178
vt 0.028269 0.158156
vt 0.050447 0.116663
vt 0.080294 0.080294
vt 0.116663 0.050447
vt 0.158156 0.028269
vt 0.203178 0.014612
vt 0.250000 0.010000
vt 0.296822 0.014612
vt 0.341844 0.028269
vt 0.383337 0.050447
vt 0.419706 0.080294
vt 0.449553 0.116663
vt 0.471731 0.158156
vt 0.485388 0.203178
vt 0.490000 0.250000
vt 0.485388 0.296822
vt 0.471731 0.341844
vt 0.449553 0.383337
vt 0.419706 0.419706
vt 0.383337 0.449553
vt 0.341844 0.471731
vt 0.031250 1.000000
vt 0.031250 0.500000
vt 0.000000 1.000000
vt 0.000000 0.500000
vt 0.750000 0.490000
vt 0.796822 0.485388
vt 0.841844 0.471731
vt 0.883337 0.449553
vt 0.919706 0.419706
vt 0.949553 0.383337
vt 0.971731 0.341844
vt 0.985388 0.296822
vt 0.990000 0.250000
vt 0.985388 0.203178
vt 0.971731 0.158156
vt 0.949553 0.116663
vt 0.919706 0.080294
vt 0.883337 0.050447
vt 0.841844 0.028269
vt 0.796822 0.014612
vt 0.750000 0.010000
vt 0.703178 0.014612
vt 0.658156 0.028269
vt 0.616663 0.050447
vt 0.580294 0.080294
vt 0.550447 0.116663
vt 0.528269 0.158156
vt 0.514612 0.203178
vt 0.510000 0.250000
vt 0.514612 0.296822
vt 0.528269 0.341844
vt 0.550447 0.383337
vt 0.580294 0.419706
vt 0.616663 0.449553
vt 0.658156 0.471731
vt 0.703178 0.485388
s 0
f 113/157/55 114/158/55 116/159/55 115/160/55
f 115/160/56 116/159/56 118/161/56 117/162/56
f 117/162/57 118/161/57 120/163/57 119/164/57
f 119/164/58 120/163/58 122/165/58 121/166/58
f 121/166/59 122/165/59 124/167/59 123/168/59
f 123/168/60 124/167/60 126/169/60 125/170/60
f 125/170/61 126/169/61 128/171/61 127/172/61
f 127/172/62 128/171/62 130/173/62 129/174/62
f 129/174/63 130/173/63 132/175/63 131/176/63
f 131/176/64 132/175/64 134/177/64 133/178/64
f 133/178/65 134/177/65 136/179/65 135/180/65
f 135/180/66 136/179/66 138/181/66 137/182/66
f 137/182/67 138/181/67 140/183/67 139/184/67
f 139/184/68 140/183/68 142/185/68 141/186/68
f 141/186/69 142/185/69 144/187/69 143/188/69
f 143/188/70 144/187/70 146/189/70 145/190/70
f 145/190/71 146/189/71 148/191/71 147/192/71
f 147/192/72 148/191/72 150/193/72 149/194/72
f 149/194/73 150/193/73 152/195/73 151/196/73
f 151/196/74 152/195/74 154/197/74 153/198/74
f 153/198/75 154/197/75 156/199/75 155/200/75
f 155/200/76 156/199/76 158/201/76 157/202/76
f 157/202/77 158/201/77 160/203/77 159/204/77
f 159/204/78 160/203/78 162/205/78 161/206/78
f 161/206/79 162/205/79 164/207/79 163/208/79
f 163/208/80 164/207/80 166/209/80 165/210/80
f 165/210/81 166/209/81 168/211/81 167/212/81
f 167/212/82 168/211/82 170/213/82 169/214/82
f 169/214/83 170/213/83 172/215/83 171/216/83
f 171/216/84 172/215/84 174/217/84 173/218/84
f 116/219/85 114/220/85 176/221/85 174/222/85 172/223/85 170/224/85 168/225/85 166/226/85 164/227/85 162/228/85 160/229/85 158/230/85 156/231/85 154/232/85 152/233/85 150/234/85 148/235/85 146/236/85 144/237/85 142/238/85 140/239/85 138/240/85 136/241/85 134/242/85 132/243/85 130/244/85 128/245/85 126/246/85 124/247/85 122/248/85 120/249/85 118/250/85
f 173/218/86 174/217/86 176/251/86 175/252/86
f 175/252/87 176/251/87 114/253/87 113/254/87
f 113/255/88 115/256/88 117/257/88 119/258/88 121/259/88 123/260/88 125/261/88 127/262/88 129/263/88 131/264/88 133/265/88 135/266/88 137/267/88 139/268/88 141/269/88 143/270/88 145/271/88 147/272/88 149/273/88 151/274/88 153/275/88 155/276/88 157/277/88 159/278/88 161/279/88 163/280/88 165/281/88 167/282/88 169/283/88 171/284/88 173/285/88 175/286/88
o Motor_FR_Hole
v 2.000000 0.150000 -8.800000
v 2.000000 2.650000 -8.800000
v 2.195090 0.150000 -8.780786
v 2.195090 2.650000 -8.780786
v 2.382684 0.150000 -8.723880
v 2.382684 2.650000 -8.723880
v 2.555570 0.150000 -8.631470
v 2.555570 2.650000 -8.631470
v 2.707107 0.150000 -8.507107
v 2.707107 2.650000 -8.507107
v 2.831470 0.150000 -8.355571
v 2.831470 2.650000 -8.355571
v 2.923880 0.150000 -8.182684
v 2.923880 2.650000 -8.182684
v 2.980785 0.150000 -7.995090
v 2.980785 2.650000 -7.995090
v 3.000000 0.150000 -7.800000
v 3.000000 2.650000 -7.800000
v 2.980785 0.150000 -7.604910
v 2.980785 2.650000 -7.604910
v 2.923880 0.150000 -7.417317
v 2.923880 2.650000 -7.417317
v 2.831470 0.150000 -7.244430
v 2.831470 2.650000 -7.244430
v 2.707107 0.150000 -7.092894
v 2.707107 2.650000 -7.092894
v 2.555570 0.150000 -6.968531
v 2.555570 2.650000 -6.968531
v 2.382684 0.150000 -6.876121
v 2.382684 2.650000 -6.876121
v 2.195090 0.150000 -6.819215
v 2.195090 2.650000 -6.819215
v 2.000000 0.150000 -6.800000
v 2.000000 2.650000 -6.800000
v 1.804910 0.150000 -6.819215
v 1.804910 2.650000 -6.819215
v 1.617316 0.150000 -6.876121
v 1.617316 2.650000 -6.876121
v 1.444430 0.150000 -6.968531
v 1.444430 2.650000 -6.968531
v 1.292893 0.150000 -7.092894
v 1.292893 2.650000 -7.092894
v 1.168530 0.150000 -7.244430
v 1.168530 2.650000 -7.244430
v 1.076120 0.150000 -7.417317
v 1.076120 2.650000 -7.417317
v 1.019215 0.150000 -7.604910
v 1.019215 2.650000 -7.604910
v 1.000000 0.150000 -7.800000
v 1.000000 2.650000 -7.800000
v 1.019215 0.150000 -7.995090
v 1.019215 2.650000 -7.995090
v 1.076120 0.150000 -8.182684
v 1.076120 2.650000 -8.182684
v 1.168530 0.150000 -8.355571
v 1.168530 2.650000 -8.355571
v 1.292893 0.150000 -8.507107
v 1.292893 2.650000 -8.507107
v 1.444430 0.150000 -8.631470
v 1.444430 2.650000 -8.631470
v 1.617316 0.150000 -8.723880
v 1.617316 2.650000 -8.723880
v 1.804910 0.150000 -8.780786
v 1.804910 2.650000 -8.780786
vn 0.0980 -0.0000 -0.9952
vn 0.2903 -0.0000 -0.9569
vn 0.4714 -0.0000 -0.8819
vn 0.6344 -0.0000 -0.7730
vn 0.7730 -0.0000 -0.6344
vn 0.8819 -0.0000 -0.4714
vn 0.9569 -0.0000 -0.2903
vn 0.9952 -0.0000 -0.0980
vn 0.9952 -0.0000 0.0980
vn 0.9569 -0.0000 0.2903
vn 0.8819 -0.0000 0.4714
vn 0.7730 -0.0000 0.6344
vn 0.6344 -0.0000 0.7730
vn 0.4714 -0.0000 0.8819
vn 0.2903 -0.0000 0.9569
vn 0.0980 -0.0000 0.9952
vn -0.0980 -0.0000 0.9952
vn -0.2903 -0.0000 0.9569
vn -0.4714 -0.0000 0.8819
vn -0.6344 -0.0000 0.7730
vn -0.7730 -0.0000 0.6344
vn -0.8819 -0.0000 0.4714
vn -0.9569 -0.0000 0.2903
vn -0.9952 -0.0000 0.0980
vn -0.9952 -0.0000 -0.0980
vn -0.9569 -0.0000 -0.2903
vn -0.8819 -0.0000 -0.4714
vn -0.7730 -0.0000 -0.6344
vn -0.6344 -0.0000 -0.7730
vn -0.4714 -0.0000 -0.8819
vn -0.0000 1.0000 -0.0000
vn -0.2903 -0.0000 -0.9569
vn -0.0980 -0.0000 -0.9952
vn -0.0000 -1.0000 -0.0000
vt 1.000000 0.500000
vt 1.000000 1.000000
vt 0.968750 1.000000
vt 0.968750 0.500000
vt 0.937500 1.000000
vt 0.937500 0.500000
vt 0.906250 1.000000
vt 0.906250 0.500000
vt 0.875000 1.000000
vt 0.875000 0.500000
vt 0.843750 1.000000
vt 0.843750 0.500000
vt 0.812500 1.000000
vt 0.812500 0.500000
vt 0.781250 1.000000
vt 0.781250 0.500000
vt 0.750000 1.000000
vt 0.750000 0.500000
vt 0.718750 1.000000
vt 0.718750 0.500000
vt 0.687500 1.000000
vt 0.687500 0.500000
vt 0.656250 1.000000
vt 0.656250 0.500000
vt 0.625000 1.000000
vt 0.625000 0.500000
vt 0.593750 1.000000
vt 0.593750 0.500000
vt 0.562500 1.000000
vt 0.562500 0.500000
vt 0.531250 1.000000
vt 0.531250 0.500000
vt 0.500000 1.000000
vt 0.500000 0.500000
vt 0.468750 1.000000
vt 0.468750 0.500000
vt 0.437500 1.000000
vt 0.437500 0.500000
vt 0.406250 1.000000
vt 0.406250 0.500000
vt 0.375000 1.000000
vt 0.375000 0.500000
vt 0.343750 1.000000
vt 0.343750 0.500000
vt 0.312500 1.000000
vt 0.312500 0.500000
vt 0.281250 1.000000
vt 0.281250 0.500000
vt 0.250000 1.000000
vt 0.250000 0.500000
vt 0.218750 1.000000
vt 0.218750 0.500000
vt 0.187500 1.000000
vt 0.187500 0.500000
vt 0.156250 1.000000
vt 0.156250 0.500000
vt 0.125000 1.000000
vt 0.125000 0.500000
vt 0.093750 1.000000
vt 0.093750 0.500000
vt 0.062500 1.000000
vt 0.062500 0.500000
vt 0.296822 0.485388
vt 0.250000 0.490000
vt 0.203178 0.485388
vt 0.158156 0.471731
vt 0.116663 0.449553
vt 0.080294 0.419706
vt 0.050447 0.383337
vt 0.028269 0.341844
vt 0.014612 0.296822
vt 0.010000 0.250000
vt 0.014612 0.203178
vt 0.028269 0.158156
vt 0.050447 0.116663
vt 0.080294 0.080294
vt 0.116663 0.050447
vt 0.158156 0.028269
vt 0.203178 0.014612
vt 0.250000 0.010000
vt 0.296822 0.014612
vt 0.341844 0.028269
vt 0.383337 0.050447
vt 0.419706 0.080294
vt 0.449553 0.116663
vt 0.471731 0.158156
vt 0.485388 0.203178
vt 0.490000 0.250000
vt 0.485388 0.296822
vt 0.471731 0.341844
vt 0.449553 0.383337
vt 0.419706 0.419706
vt 0.383337 0.449553
vt 0.341844 0.471731
vt 0.031250 1.000000
vt 0.031250 0.500000
vt 0.000000 1.000000
vt 0.000000 0.500000
vt 0.750000 0.490000
vt 0.796822 0.485388
vt 0.841844 0.471731
vt 0.883337 0.449553
vt 0.919706 0.419706
vt 0.949553 0.383337
vt 0.971731 0.341844
vt 0.985388 0.296822
vt 0.990000 0.250000
vt 0.985388 0.203178
vt 0.971731 0.158156
vt 0.949553 0.116663
vt 0.919706 0.080294
vt 0.883337 0.050447
vt 0.841844 0.028269
vt 0.796822 0.014612
vt 0.750000 0.010000
vt 0.703178 0.014612
vt 0.658156 0.028269
vt 0.616663 0.050447
vt 0.580294 0.080294
vt 0.550447 0.116663
vt 0.528269 0.158156
vt 0.514612 0.203178
vt 0.510000 0.250000
vt 0.514612 0.296822
vt 0.528269 0.341844
vt 0.550447 0.383337
vt 0.580294 0.419706
vt 0.616663 0.449553
vt 0.658156 0.471731
vt 0.703178 0.485388
s 0
f 177/287/89 178/288/89 180/289/89 179/290/89
f 179/290/90 180/289/90 182/291/90 181/292/90
f 181/292/91 182/291/91 184/293/91 183/294/91
f 183/294/92 184/293/92 186/295/92 185/296/92
f 185/296/93 186/295/93 188/297/93 187/298/93
f 187/298/94 188/297/94 190/299/94 189/300/94
f 189/300/95 190/299/95 192/301/95 191/302/95
f 191/302/96 192/301/96 194/303/96 193/304/96
f 193/304/97 194/303/97 196/305/97 195/306/97
f 195/306/98 196/305/98 198/307/98 197/308/98
f 197/308/99 198/307/99 200/309/99 199/310/99
f 199/310/100 200/309/100 202/311/100 201/312/100
f 201/312/101 202/311/101 204/313/101 203/314/101
f 203/314/102 204/313/102 206/315/102 205/316/102
f 205/316/103 206/315/103 208/317/103 207/318/103
f 207/318/104 208/317/104 210/319/104 209/320/104
f 209/320/105 210/319/105 212/321/105 211/322/105
f 211/322/106 212/321/106 214/323/106 213/324/106
f 213/324/107 214/323/107 216/325/107 215/326/107
f 215/326/108 216/325/108 218/327/108 217/328/108
f 217/328/109 218/327/109 220/329/109 219/330/109
f 219/330/110 220/329/110 222/331/110 221/332/110
f 221/332/111 222/331/111 224/333/111 223/334/111
f 223/334/112 224/333/112 226/335/112 225/336/112
f 225/336/113 226/335/113 228/337/113 227/338/113
f 227/338/114 228/337/114 230/339/114 229/340/114
f 229/340/115 230/339/115 232/341/115 231/342/115
f 231/342/116 232/341/116 234/343/116 233/344/116
f 233/344/117 234/343/117 236/345/117 235/346/117
f 235/346/118 236/345/118 238/347/118 237/348/118
f 180/349/119 178/350/119 240/351/119 238/352/119 236/353/119 234/354/119 232/355/119 230/356/119 228/357/119 226/358/119 224/359/119 222/360/119 220/361/119 218/362/119 216/363/119 214/364/119 212/365/119 210/366/119 208/367/119 206/368/119 204/369/119 202/370/119 200/371/119 198/372/119 196/373/119 194/374/119 192/375/119 190/376/119 188/377/119 186/378/119 184/379/119 182/380/119
f 237/348/120 238/347/120 240/381/120 239/382/120
f 239/382/121 240/381/121 178/383/121 177/384/121
f 177/385/122 179/386/122 181/387/122 183/388/122 185/389/122 187/390/122 189/391/122 191/392/122 193/393/122 195/394/122 197/395/122 199/396/122 201/397/122 203/398/122 205/399/122 207/400/122 209/401/122 211/402/122 213/403/122 215/404/122 217/405/122 219/406/122 221/407/122 223/408/122 225/409/122 227/410/122 229/411/122 231/412/122 233/413/122 235/414/122 237/415/122 239/416/122
o Motor_RL_Hole
v 7.800000 0.150000 -3.000000
v 7.800000 2.650000 -3.000000
v 7.995090 0.150000 -2.980785
v 7.995090 2.650000 -2.980785
v 8.182684 0.150000 -2.923880
v 8.182684 2.650000 -2.923880
v 8.355571 0.150000 -2.831470
v 8.355571 2.650000 -2.831470
v 8.507107 0.150000 -2.707107
v 8.507107 2.650000 -2.707107
v 8.631470 0.150000 -2.555570
v 8.631470 2.650000 -2.555570
v 8.723880 0.150000 -2.382684
v 8.723880 2.650000 -2.382684
v 8.780786 0.150000 -2.195090
v 8.780786 2.650000 -2.195090
v 8.800000 0.150000 -2.000000
v 8.800000 2.650000 -2.000000
v 8.780786 0.150000 -1.804910
v 8.780786 2.650000 -1.804910
v 8.723880 0.150000 -1.617316
v 8.723880 2.650000 -1.617316
v 8.631470 0.150000 -1.444430
v 8.631470 2.650000 -1.444430
v 8.507107 0.150000 -1.292893
v 8.507107 2.650000 -1.292893
v 8.355571 0.150000 -1.168530
v 8.355571 2.650000 -1.168530
v 8.182684 0.150000 -1.076120
v 8.182684 2.650000 -1.076120
v 7.995090 0.150000 -1.019215
v 7.995090 2.650000 -1.019215
v 7.800000 0.150000 -1.000000
v 7.800000 2.650000 -1.000000
v 7.604910 0.150000 -1.019215
v 7.604910 2.650000 -1.019215
v 7.417317 0.150000 -1.076120
v 7.417317 2.650000 -1.076120
v 7.244430 0.150000 -1.168530
v 7.244430 2.650000 -1.168530
v 7.092894 0.150000 -1.292893
v 7.092894 2.650000 -1.292893
v 6.968531 0.150000 -1.444430
v 6.968531 2.650000 -1.444430
v 6.876121 0.150000 -1.617316
v 6.876121 2.650000 -1.617316
v 6.819215 0.150000 -1.804910
v 6.819215 2.650000 -1.804910
v 6.800000 0.150000 -2.000000
v 6.800000 2.650000 -2.000000
v 6.819215 0.150000 -2.195090
v 6.819215 2.650000 -2.195090
v 6.876121 0.150000 -2.382684
v 6.876121 2.650000 -2.382684
v 6.968531 0.150000 -2.555570
v 6.968531 2.650000 -2.555570
v 7.092894 0.150000 -2.707107
v 7.092894 2.650000 -2.707107
v 7.244430 0.150000 -2.831470
v 7.244430 2.650000 -2.831470
v 7.417317 0.150000 -2.923880
v 7.417317 2.650000 -2.923880
v 7.604910 0.150000 -2.980785
v 7.604910 2.650000 -2.980785
vn 0.0980 -0.0000 -0.9952
vn 0.2903 -0.0000 -0.9569
vn 0.4714 -0.0000 -0.8819
vn 0.6344 -0.0000 -0.7730
vn 0.7730 -0.0000 -0.6344
vn 0.8819 -0.0000 -0.4714
vn 0.9569 -0.0000 -0.2903
vn 0.9952 -0.0000 -0.0980
vn 0.9952 -0.0000 0.0980
vn 0.9569 -0.0000 0.2903
vn 0.8819 -0.0000 0.4714
vn 0.7730 -0.0000 0.6344
vn 0.6344 -0.0000 0.7730
vn 0.4714 -0.0000 0.8819
vn 0.2903 -0.0000 0.9569
vn 0.0980 -0.0000 0.9952
vn -0.0980 -0.0000 0.9952
vn -0.2903 -0.0000 0.9569
vn -0.4714 -0.0000 0.8819
vn -0.6344 -0.0000 0.7730
vn -0.7730 -0.0000 0.6344
vn -0.8819 -0.0000 0.4714
vn -0.9569 -0.0000 0.2903
vn -0.9952 -0.0000 0.0980
vn -0.9952 -0.0000 -0.0980
vn -0.9569 -0.0000 -0.2903
vn -0.8819 -0.0000 -0.4714
vn -0.7730 -0.0000 -0.6344
vn -0.6344 -0.0000 -0.7730
vn -0.4714 -0.0000 -0.8819
vn -0.0000 1.0000 -0.0000
vn -0.2903 -0.0000 -0.9569
vn -0.0980 -0.0000 -0.9952
vn -0.0000 -1.0000 -0.0000
vt 1.000000 0.500000
vt 1.000000 1.000000
vt 0.968750 1.000000
vt 0.968750 0.500000
vt 0.937500 1.000000
vt 0.937500 0.500000
vt 0.906250 1.000000
vt 0.906250 0.500000
vt 0.875000 1.000000
vt 0.875000 0.500000
vt 0.843750 1.000000
vt 0.843750 0.500000
vt 0.812500 1.000000
vt 0.812500 0.500000
vt 0.781250 1.000000
vt 0.781250 0.500000
vt 0.750000 1.000000
vt 0.750000 0.500000
vt 0.718750 1.000000
vt 0.718750 0.500000
vt 0.687500 1.000000
vt 0.687500 0.500000
vt 0.656250 1.000000
vt 0.656250 0.500000
vt 0.625000 1.000000
vt 0.625000 0.500000
vt 0.593750 1.000000
vt 0.593750 0.500000
vt 0.562500 1.000000
vt 0.562500 0.500000
vt 0.531250 1.000000
vt 0.531250 0.500000
vt 0.500000 1.000000
vt 0.500000 0.500000
vt 0.468750 1.000000
vt 0.468750 0.500000
vt 0.437500 1.000000
vt 0.437500 0.500000
vt 0.406250 1.000000
vt 0.406250 0.500000
vt 0.375000 1.000000
vt 0.375000 0.500000
vt 0.343750 1.000000
vt 0.343750 0.500000
vt 0.312500 1.000000
vt 0.312500 0.500000
vt 0.281250 1.000000
vt 0.281250 0.500000
vt 0.250000 1.000000
vt 0.250000 0.500000
vt 0.218750 1.000000
vt 0.218750 0.500000
vt 0.187500 1.000000
vt 0.187500 0.500000
vt 0.156250 1.000000
vt 0.156250 0.500000
vt 0.125000 1.000000
vt 0.125000 0.500000
vt 0.093750 1.000000
vt 0.093750 0.500000
vt 0.062500 1.000000
vt 0.062500 0.500000
vt 0.296822 0.485388
vt 0.250000 0.490000
vt 0.203178 0.485388
vt 0.158156 0.471731
vt 0.116663 0.449553
vt 0.080294 0.419706
vt 0.050447 0.383337
vt 0.028269 0.341844
vt 0.014612 0.296822
vt 0.010000 0.250000
vt 0.014612 0.203178
vt 0.028269 0.158156
vt 0.050447 0.116663
vt 0.080294 0.080294
vt 0.116663 0.050447
vt 0.158156 0.028269
vt 0.203178 0.014612
vt 0.250000 0.010000
vt 0.296822 0.014612
vt 0.341844 0.028269
vt 0.383337 0.050447
vt 0.419706 0.080294
vt 0.449553 0.116663
vt 0.471731 0.158156
vt 0.485388 0.203178
vt 0.490000 0.250000
vt 0.485388 0.296822
vt 0.471731 0.341844
vt 0.449553 0.383337
vt 0.419706 0.419706
vt 0.383337 0.449553
vt 0.341844 0.471731
vt 0.031250 1.000000
vt 0.031250 0.500000
vt 0.000000 1.000000
vt 0.000000 0.500000
vt 0.750000 0.490000
vt 0.796822 0.485388
vt 0.841844 0.471731
vt 0.883337 0.449553
vt 0.919706 0.419706
vt 0.949553 0.383337
vt 0.971731 0.341844
vt 0.985388 0.296822
vt 0.990000 0.250000
vt 0.985388 0.203178
vt 0.971731 0.158156
vt 0.949553 0.116663
vt 0.919706 0.080294
vt 0.883337 0.050447
vt 0.841844 0.028269
vt 0.796822 0.014612
vt 0.750000 0.010000
vt 0.703178 0.014612
vt 0.658156 0.028269
vt 0.616663 0.050447
vt 0.580294 0.080294
vt 0.550447 0.116663
vt 0.528269 0.158156
vt 0.514612 0.203178
vt 0.510000 0.250000
vt 0.514612 0.296822
vt 0.528269 0.341844
vt 0.550447 0.383337
vt 0.580294 0.419706
vt 0.616663 0.449553
vt 0.658156 0.471731
vt 0.703178 0.485388
s 0
f 241/417/123 242/418/123 244/419/123 243/420/123
f 243/420/124 244/419/124 246/421/124 245/422/124
f 245/422/125 246/421/125 248/423/125 247/424/125
f 247/424/126 248/423/126 250/425/126 249/426/126
f 249/426/127 250/425/127 252/427/127 251/428/127
f 251/428/128 252/427/128 254/429/128 253/430/128
f 253/430/129 254/429/129 256/431/129 255/432/129
f 255/432/130 256/431/130 258/433/130 257/434/130
f 257/434/131 258/433/131 260/435/131 259/436/131
f 259/436/132 260/435/132 262/437/132 261/438/132
f 261/438/133 262/437/133 264/439/133 263/440/133
f 263/440/134 264/439/134 266/441/134 265/442/134
f 265/442/135 266/441/135 268/443/135 267/444/135
f 267/444/136 268/443/136 270/445/136 269/446/136
f 269/446/137 270/445/137 272/447/137 271/448/137
f 271/448/138 272/447/138 274/449/138 273/450/138
f 273/450/139 274/449/139 276/451/139 275/452/139
f 275/452/140 276/451/140 278/453/140 277/454/140
f 277/454/141 278/453/141 280/455/141 279/456/141
f 279/456/142 280/455/142 282/457/142 281/458/142
f 281/458/143 282/457/143 284/459/143 283/460/143
f 283/460/144 284/459/144 286/461/144 285/462/144
f 285/462/145 286/461/145 288/463/145 287/464/145
f 287/464/146 288/463/146 290/465/146 289/466/146
f 289/466/147 290/465/147 292/467/147 291/468/147
f 291/468/148 292/467/148 294/469/148 293/470/148
f 293/470/149 294/469/149 296/471/149 295/472/149
f 295/472/150 296/471/150 298/473/150 297/474/150
f 297/474/151 298/473/151 300/475/151 299/476/151
f 299/476/152 300/475/152 302/477/152 301/478/152
f 244/479/153 242/480/153 304/481/153 302/482/153 300/483/153 298/484/153 296/485/153 294/486/153 292/487/153 290/488/153 288/489/153 286/490/153 284/491/153 282/492/153 280/493/153 278/494/153 276/495/153 274/496/153 272/497/153 270/498/153 268/499/153 266/500/153 264/501/153 262/502/153 260/503/153 258/504/153 256/505/153 254/506/153 252/507/153 250/508/153 248/509/153 246/510/153
f 301/478/154 302/477/154 304/511/154 303/512/154
f 303/512/155 304/511/155 242/513/155 241/514/155
f 241/515/156 243/516/156 245/517/156 247/518/156 249/519/156 251/520/156 253/521/156 255/522/156 257/523/156 259/524/156 261/525/156 263/526/156 265/527/156 267/528/156 269/529/156 271/530/156 273/531/156 275/532/156 277/533/156 279/534/156 281/535/156 283/536/156 285/537/156 287/538/156 289/539/156 291/540/156 293/541/156 295/542/156 297/543/156 299/544/156 301/545/156 303/546/156
o Motor_RR_Hole
v 7.800000 0.150000 -8.800000
v 7.800000 2.650000 -8.800000
v 7.995090 0.150000 -8.780786
v 7.995090 2.650000 -8.780786
v 8.182684 0.150000 -8.723880
v 8.182684 2.650000 -8.723880
v 8.355571 0.150000 -8.631470
v 8.355571 2.650000 -8.631470
v 8.507107 0.150000 -8.507107
v 8.507107 2.650000 -8.507107
v 8.631470 0.150000 -8.355571
v 8.631470 2.650000 -8.355571
v 8.723880 0.150000 -8.182684
v 8.723880 2.650000 -8.182684
v 8.780786 0.150000 -7.995090
v 8.780786 2.650000 -7.995090
v 8.800000 0.150000 -7.800000
v 8.800000 2.650000 -7.800000
v 8.780786 0.150000 -7.604910
v 8.780786 2.650000 -7.604910
v 8.723880 0.150000 -7.417317
v 8.723880 2.650000 -7.417317
v 8.631470 0.150000 -7.244430
v 8.631470 2.650000 -7.244430
v 8.507107 0.150000 -7.092894
v 8.507107 2.650000 -7.092894
v 8.355571 0.150000 -6.968531
v 8.355571 2.650000 -6.968531
v 8.182684 0.150000 -6.876121
v 8.182684 2.650000 -6.876121
v 7.995090 0.150000 -6.819215
v 7.995090 2.650000 -6.819215
v 7.800000 0.150000 -6.800000
v 7.800000 2.650000 -6.800000
v 7.604910 0.150000 -6.819215
v 7.604910 2.650000 -6.819215
v 7.417317 0.150000 -6.876121
v 7.417317 2.650000 -6.876121
v 7.244430 0.150000 -6.968531
v 7.244430 2.650000 -6.968531
v 7.092894 0.150000 -7.092894
v 7.092894 2.650000 -7.092894
v 6.968531 0.150000 -7.244430
v 6.968531 2.650000 -7.244430
v 6.876121 0.150000 -7.417317
v 6.876121 2.650000 -7.417317
v 6.819215 0.150000 -7.604910
v 6.819215 2.650000 -7.604910
v 6.800000 0.150000 -7.800000
v 6.800000 2.650000 -7.800000
v 6.819215 0.150000 -7.995090
v 6.819215 2.650000 -7.995090
v 6.876121 0.150000 -8.182684
v 6.876121 2.650000 -8.182684
v 6.968531 0.150000 -8.355571
v 6.968531 2.650000 -8.355571
v 7.092894 0.150000 -8.507107
v 7.092894 2.650000 -8.507107
v 7.244430 0.150000 -8.631470
v 7.244430 2.650000 -8.631470
v 7.417317 0.150000 -8.723880
v 7.417317 2.650000 -8.723880
v 7.604910 0.150000 -8.780786
v 7.604910 2.650000 -8.780786
vn 0.0980 -0.0000 -0.9952
vn 0.2903 -0.0000 -0.9569
vn 0.4714 -0.0000 -0.8819
vn 0.6344 -0.0000 -0.7730
vn 0.7730 -0.0000 -0.6344
vn 0.8819 -0.0000 -0.4714
vn 0.9569 -0.0000 -0.2903
vn 0.9952 -0.0000 -0.0980
vn 0.9952 -0.0000 0.0980
vn 0.9569 -0.0000 0.2903
vn 0.8819 -0.0000 0.4714
vn 0.7730 -0.0000 0.6344
vn 0.6344 -0.0000 0.7730
vn 0.4714 -0.0000 0.8819
vn 0.2903 -0.0000 0.9569
vn 0.0980 -0.0000 0.9952
vn -0.0980 -0.0000 0.9952
vn -0.2903 -0.0000 0.9569
vn -0.4714 -0.0000 0.8819
vn -0.6344 -0.0000 0.7730
vn -0.7730 -0.0000 0.6344
vn -0.8819 -0.0000 0.4714
vn -0.9569 -0.0000 0.2903
vn -0.9952 -0.0000 0.0980
vn -0.9952 -0.0000 -0.0980
vn -0.9569 -0.0000 -0.2903
vn -0.8819 -0.0000 -0.4714
vn -0.7730 -0.0000 -0.6344
vn -0.6344 -0.0000 -0.7730
vn -0.4714 -0.0000 -0.8819
vn -0.0000 1.0000 -0.0000
vn -0.2903 -0.0000 -0.9569
vn -0.0980 -0.0000 -0.9952
vn -0.0000 -1.0000 -0.0000
vt 1.000000 0.500000
vt 1.000000 1.000000
vt 0.968750 1.000000
vt 0.968750 0.500000
vt 0.937500 1.000000
vt 0.937500 0.500000
vt 0.906250 1.000000
vt 0.906250 0.500000
vt 0.875000 1.000000
vt 0.875000 0.500000
vt 0.843750 1.000000
vt 0.843750 0.500000
vt 0.812500 1.000000
vt 0.812500 0.500000
vt 0.781250 1.000000
vt 0.781250 0.500000
vt 0.750000 1.000000
vt 0.750000 0.500000
vt 0.718750 1.000000
vt 0.718750 0.500000
vt 0.687500 1.000000
vt 0.687500 0.500000
vt 0.656250 1.000000
vt 0.656250 0.500000
vt 0.625000 1.000000
vt 0.625000 0.500000
vt 0.593750 1.000000
vt 0.593750 0.500000
vt 0.562500 1.000000
vt 0.562500 0.500000
vt 0.531250 1.000000
vt 0.531250 0.500000
vt 0.500000 1.000000
vt 0.500000 0.500000
vt 0.468750 1.000000
vt 0.468750 0.500000
vt 0.437500 1.000000
vt 0.437500 0.500000
vt 0.406250 1.000000
vt 0.406250 0.500000
vt 0.375000 1.000000
vt 0.375000 0.500000
vt 0.343750 1.000000
vt 0.343750 0.500000
vt 0.312500 1.000000
vt 0.312500 0.500000
vt 0.281250 1.000000
vt 0.281250 0.500000
vt 0.250000 1.000000
vt 0.250000 0.500000
vt 0.218750 1.000000
vt 0.218750 0.500000
vt 0.187500 1.000000
vt 0.187500 0.500000
vt 0.156250 1.000000
vt 0.156250 0.500000
vt 0.125000 1.000000
vt 0.125000 0.500000
vt 0.093750 1.000000
vt 0.093750 0.500000
vt 0.062500 1.000000
vt 0.062500 0.500000
vt 0.296822 0.485388
vt 0.250000 0.490000
vt 0.203178 0.485388
vt 0.158156 0.471731
vt 0.116663 0.449553
vt 0.080294 0.419706
vt 0.050447 0.383337
vt 0.028269 0.341844
vt 0.014612 0.296822
vt 0.010000 0.250000
vt 0.014612 0.203178
vt 0.028269 0.158156
vt 0.050447 0.116663
vt 0.080294 0.080294
vt 0.116663 0.050447
vt 0.158156 0.028269
vt 0.203178 0.014612
vt 0.250000 0.010000
vt 0.296822 0.014612
vt 0.341844 0.028269
vt 0.383337 0.050447
vt 0.419706 0.080294
vt 0.449553 0.116663
vt 0.471731 0.158156
vt 0.485388 0.203178
vt 0.490000 0.250000
vt 0.485388 0.296822
vt 0.471731 0.341844
vt 0.449553 0.383337
vt 0.419706 0.419706
vt 0.383337 0.449553
vt 0.341844 0.471731
vt 0.031250 1.000000
vt 0.031250 0.500000
vt 0.000000 1.000000
vt 0.000000 0.500000
vt 0.750000 0.490000
vt 0.796822 0.485388
vt 0.841844 0.471731
vt 0.883337 0.449553
vt 0.919706 0.419706
vt 0.949553 0.383337
vt 0.971731 0.341844
vt 0.985388 0.296822
vt 0.990000 0.250000
vt 0.985388 0.203178
vt 0.971731 0.158156
vt 0.949553 0.116663
vt 0.919706 0.080294
vt 0.883337 0.050447
vt 0.841844 0.028269
vt 0.796822 0.014612
vt 0.750000 0.010000
vt 0.703178 0.014612
vt 0.658156 0.028269
vt 0.616663 0.050447
vt 0.580294 0.080294
vt 0.550447 0.116663
vt 0.528269 0.158156
vt 0.514612 0.203178
vt 0.510000 0.250000
vt 0.514612 0.296822
vt 0.528269 0.341844
vt 0.550447 0.383337
vt 0.580294 0.419706
vt 0.616663 0.449553
vt 0.658156 0.471731
vt 0.703178 0.485388
s 0
f 305/547/157 306/548/157 308/549/157 307/550/157
f 307/550/158 308/549/158 310/551/158 309/552/158
f 309/552/159 310/551/159 312/553/159 311/554/159
f 311/554/160 312/553/160 314/555/160 313/556/160
f 313/556/161 314/555/161 316/557/161 315/558/161
f 315/558/162 316/557/162 318/559/162 317/560/162
f 317/560/163 318/559/163 320/561/163 319/562/163
f 319/562/164 320/561/164 322/563/164 321/564/164
f 321/564/165 322/563/165 324/565/165 323/566/165
f 323/566/166 324/565/166 326/567/166 325/568/166
f 325/568/167 326/567/167 328/569/167 327/570/167
f 327/570/168 328/569/168 330/571/168 329/572/168
f 329/572/169 330/571/169 332/573/169 331/574/169
f 331/574/170 332/573/170 334/575/170 333/576/170
f 333/576/171 334/575/171 336/577/171 335/578/171
f 335/578/172 336/577/172 338/579/172 337/580/172
f 337/580/173 338/579/173 340/581/173 339/582/173
f 339/582/174 340/581/174 342/583/174 341/584/174
f 341/584/175 342/583/175 344/585/175 343/586/175
f 343/586/176 344/585/176 346/587/176 345/588/176
f 345/588/177 346/587/177 348/589/177 347/590/177
f 347/590/178 348/589/178 350/591/178 349/592/178
f 349/592/179 350/591/179 352/593/179 351/594/179
f 351/594/180 352/593/180 354/595/180 353/596/180
f 353/596/181 354/595/181 356/597/181 355/598/181
f 355/598/182 356/597/182 358/599/182 357/600/182
f 357/600/183 358/599/183 360/601/183 359/602/183
f 359/602/184 360/601/184 362/603/184 361/604/184
f 361/604/185 362/603/185 364/605/185 363/606/185
f 363/606/186 364/605/186 366/607/186 365/608/186
f 308/609/187 306/610/187 368/611/187 366/612/187 364/613/187 362/614/187 360/615/187 358/616/187 356/617/187 354/618/187 352/619/187 350/620/187 348/621/187 346/622/187 344/623/187 342/624/187 340/625/187 338/626/187 336/627/187 334/628/187 332/629/187 330/630/187 328/631/187 326/632/187 324/633/187 322/634/187 320/635/187 318/636/187 316/637/187 314/638/187 312/639/187 310/640/187
f 365/608/188 366/607/188 368/641/188 367/642/188
f 367/642/189 368/641/189 306/643/189 305/644/189
f 305/645/190 307/646/190 309/647/190 311/648/190 313/649/190 315/650/190 317/651/190 319/652/190 321/653/190 323/654/190 325/655/190 327/656/190 329/657/190 331/658/190 333/659/190 335/660/190 337/661/190 339/662/190 341/663/190 343/664/190 345/665/190 347/666/190 349/667/190 351/668/190 353/669/190 355/670/190 357/671/190 359/672/190 361/673/190 363/674/190 365/675/190 367/676/190
o Front_Center_Mount
v 9.300000 1.600000 -5.200000
v 9.300000 2.400000 -5.200000
v 9.358527 1.600000 -5.194236
v 9.358527 2.400000 -5.194236
v 9.414805 1.600000 -5.177164
v 9.414805 2.400000 -5.177164
v 9.466671 1.600000 -5.149441
v 9.466671 2.400000 -5.149441
v 9.512133 1.600000 -5.112132
v 9.512133 2.400000 -5.112132
v 9.549441 1.600000 -5.066671
v 9.549441 2.400000 -5.066671
v 9.577164 1.600000 -5.014805
v 9.577164 2.400000 -5.014805
v 9.594235 1.600000 -4.958527
v 9.594235 2.400000 -4.958527
v 9.600000 1.600000 -4.900000
v 9.600000 2.400000 -4.900000
v 9.594235 1.600000 -4.841473
v 9.594235 2.400000 -4.841473
v 9.577164 1.600000 -4.785195
v 9.577164 2.400000 -4.785195
v 9.549441 1.600000 -4.733329
v 9.549441 2.400000 -4.733329
v 9.512133 1.600000 -4.687868
v 9.512133 2.400000 -4.687868
v 9.466671 1.600000 -4.650559
v 9.466671 2.400000 -4.650559
v 9.414805 1.600000 -4.622836
v 9.414805 2.400000 -4.622836
v 9.358527 1.600000 -4.605764
v 9.358527 2.400000 -4.605764
v 9.300000 1.600000 -4.600000
v 9.300000 2.400000 -4.600000
v 9.241473 1.600000 -4.605764
v 9.241473 2.400000 -4.605764
v 9.185195 1.600000 -4.622836
v 9.185195 2.400000 -4.622836
v 9.133329 1.600000 -4.650559
v 9.133329 2.400000 -4.650559
v 9.087868 1.600000 -4.687868
v 9.087868 2.400000 -4.687868
v 9.050559 1.600000 -4.733329
v 9.050559 2.400000 -4.733329
v 9.022837 1.600000 -4.785195
v 9.022837 2.400000 -4.785195
v 9.005765 1.600000 -4.841473
v 9.005765 2.400000 -4.841473
v 9.000000 1.600000 -4.900000
v 9.000000 2.400000 -4.900000
v 9.005765 1.600000 -4.958527
v 9.005765 2.400000 -4.958527
v 9.022837 1.600000 -5.014805
v 9.022837 2.400000 -5.014805
v 9.050559 1.600000 -5.066671
v 9.050559 2.400000 -5.066671
v 9.087868 1.600000 -5.112132
v 9.087868 2.400000 -5.112132
v 9.133329 1.600000 -5.149441
v 9.133329 2.400000 -5.149441
v 9.185195 1.600000 -5.177164
v 9.185195 2.400000 -5.177164
v 9.241473 1.600000 -5.194236
v 9.241473 2.400000 -5.194236
vn 0.0980 -0.0000 -0.9952
vn 0.2903 -0.0000 -0.9569
vn 0.4714 -0.0000 -0.8819
vn 0.6344 -0.0000 -0.7730
vn 0.7730 -0.0000 -0.6344
vn 0.8819 -0.0000 -0.4714
vn 0.9569 -0.0000 -0.2903
vn 0.9952 -0.0000 -0.0980
vn 0.9952 -0.0000 0.0980
vn 0.9569 -0.0000 0.2903
vn 0.8819 -0.0000 0.4714
vn 0.7730 -0.0000 0.6344
vn 0.6344 -0.0000 0.7730
vn 0.4714 -0.0000 0.8819
vn 0.2903 -0.0000 0.9569
vn 0.0980 -0.0000 0.9952
vn -0.0980 -0.0000 0.9952
vn -0.2903 -0.0000 0.9569
vn -0.4714 -0.0000 0.8819
vn -0.6344 -0.0000 0.7730
vn -0.7730 -0.0000 0.6344
vn -0.8819 -0.0000 0.4714
vn -0.9569 -0.0000 0.2903
vn -0.9952 -0.0000 0.0980
vn -0.9952 -0.0000 -0.0980
vn -0.9569 -0.0000 -0.2903
vn -0.8819 -0.0000 -0.4714
vn -0.7730 -0.0000 -0.6344
vn -0.6344 -0.0000 -0.7730
vn -0.4714 -0.0000 -0.8819
vn -0.0000 1.0000 -0.0000
vn -0.2903 -0.0000 -0.9569
vn -0.0980 -0.0000 -0.9952
vn -0.0000 -1.0000 -0.0000
vt 1.000000 0.500000
vt 1.000000 1.000000
vt 0.968750 1.000000
vt 0.968750 0.500000
vt 0.937500 1.000000
vt 0.937500 0.500000
vt 0.906250 1.000000
vt 0.906250 0.500000
vt 0.875000 1.000000
vt 0.875000 0.500000
vt 0.843750 1.000000
vt 0.843750 0.500000
vt 0.812500 1.000000
vt 0.812500 0.500000
vt 0.781250 1.000000
vt 0.781250 0.500000
vt 0.750000 1.000000
vt 0.750000 0.500000
vt 0.718750 1.000000
vt 0.718750 0.500000
vt 0.687500 1.000000
vt 0.687500 0.500000
vt 0.656250 1.000000
vt 0.656250 0.500000
vt 0.625000 1.000000
vt 0.625000 0.500000
vt 0.593750 1.000000
vt 0.593750 0.500000
vt 0.562500 1.000000
vt 0.562500 0.500000
vt 0.531250 1.000000
vt 0.531250 0.500000
vt 0.500000 1.000000
vt 0.500000 0.500000
vt 0.468750 1.000000
vt 0.468750 0.500000
vt 0.437500 1.000000
vt 0.437500 0.500000
vt 0.406250 1.000000
vt 0.406250 0.500000
vt 0.375000 1.000000
vt 0.375000 0.500000
vt 0.343750 1.000000
vt 0.343750 0.500000
vt 0.312500 1.000000
vt 0.312500 0.500000
vt 0.281250 1.000000
vt 0.281250 0.500000
vt 0.250000 1.000000
vt 0.250000 0.500000
vt 0.218750 1.000000
vt 0.218750 0.500000
vt 0.187500 1.000000
vt 0.187500 0.500000
vt 0.156250 1.000000
vt 0.156250 0.500000
vt 0.125000 1.000000
vt 0.125000 0.500000
vt 0.093750 1.000000
vt 0.093750 0.500000
vt 0.062500 1.000000
vt 0.062500 0.500000
vt 0.296822 0.485388
vt 0.250000 0.490000
vt 0.203178 0.485388
vt 0.158156 0.471731
vt 0.116663 0.449553
vt 0.080294 0.419706
vt 0.050447 0.383337
vt 0.028269 0.341844
vt 0.014612 0.296822
vt 0.010000 0.250000
vt 0.014612 0.203178
vt 0.028269 0.158156
vt 0.050447 0.116663
vt 0.080294 0.080294
vt 0.116663 0.050447
vt 0.158156 0.028269
vt 0.203178 0.014612
vt 0.250000 0.010000
vt 0.296822 0.014612
vt 0.341844 0.028269
vt 0.383337 0.050447
vt 0.419706 0.080294
vt 0.449553 0.116663
vt 0.471731 0.158156
vt 0.485388 0.203178
vt 0.490000 0.250000
vt 0.485388 0.296822
vt 0.471731 0.341844
vt 0.449553 0.383337
vt 0.419706 0.419706
vt 0.383337 0.449553
vt 0.341844 0.471731
vt 0.031250 1.000000
vt 0.031250 0.500000
vt 0.000000 1.000000
vt 0.000000 0.500000
vt 0.750000 0.490000
vt 0.796822 0.485388
vt 0.841844 0.471731
vt 0.883337 0.449553
vt 0.919706 0.419706
vt 0.949553 0.383337
vt 0.971731 0.341844
vt 0.985388 0.296822
vt 0.990000 0.250000
vt 0.985388 0.203178
vt 0.971731 0.158156
vt 0.949553 0.116663
vt 0.919706 0.080294
vt 0.883337 0.050447
vt 0.841844 0.028269
vt 0.796822 0.014612
vt 0.750000 0.010000
vt 0.703178 0.014612
vt 0.658156 0.028269
vt 0.616663 0.050447
vt 0.580294 0.080294
vt 0.550447 0.116663
vt 0.528269 0.158156
vt 0.514612 0.203178
vt 0.510000 0.250000
vt 0.514612 0.296822
vt 0.528269 0.341844
vt 0.550447 0.383337
vt 0.580294 0.419706
vt 0.616663 0.449553
vt 0.658156 0.471731
vt 0.703178 0.485388
s 0
usemtl Sensor_Mounts
f 369/677/191 370/678/191 372/679/191 371/680/191
f 371/680/192 372/679/192 374/681/192 373/682/192
f 373/682/193 374/681/193 376/683/193 375/684/193
f 375/684/194 376/683/194 378/685/194 377/686/194
f 377/686/195 378/685/195 380/687/195 379/688/195
f 379/688/196 380/687/196 382/689/196 381/690/196
f 381/690/197 382/689/197 384/691/197 383/692/197
f 383/692/198 384/691/198 386/693/198 385/694/198
f 385/694/199 386/693/199 388/695/199 387/696/199
f 387/696/200 388/695/200 390/697/200 389/698/200
f 389/698/201 390/697/201 392/699/201 391/700/201
f 391/700/202 392/699/202 394/701/202 393/702/202
f 393/702/203 394/701/203 396/703/203 395/704/203
f 395/704/204 396/703/204 398/705/204 397/706/204
f 397/706/205 398/705/205 400/707/205 399/708/205
f 399/708/206 400/707/206 402/709/206 401/710/206
f 401/710/207 402/709/207 404/711/207 403/712/207
f 403/712/208 404/711/208 406/713/208 405/714/208
f 405/714/209 406/713/209 408/715/209 407/716/209
f 407/716/210 408/715/210 410/717/210 409/718/210
f 409/718/211 410/717/211 412/719/211 411/720/211
f 411/720/212 412/719/212 414/721/212 413/722/212
f 413/722/213 414/721/213 416/723/213 415/724/213
f 415/724/214 416/723/214 418/725/214 417/726/214
f 417/726/215 418/725/215 420/727/215 419/728/215
f 419/728/216 420/727/216 422/729/216 421/730/216
f 421/730/217 422/729/217 424/731/217 423/732/217
f 423/732/218 424/731/218 426/733/218 425/734/218
f 425/734/219 426/733/219 428/735/219 427/736/219
f 427/736/220 428/735/220 430/737/220 429/738/220
f 372/739/221 370/740/221 432/741/221 430/742/221 428/743/221 426/744/221 424/745/221 422/746/221 420/747/221 418/748/221 416/749/221 414/750/221 412/751/221 410/752/221 408/753/221 406/754/221 404/755/221 402/756/221 400/757/221 398/758/221 396/759/221 394/760/221 392/761/221 390/762/221 388/763/221 386/764/221 384/765/221 382/766/221 380/767/221 378/768/221 376/769/221 374/770/221
f 429/738/222 430/737/222 432/771/222 431/772/222
f 431/772/223 432/771/223 370/773/223 369/774/223
f 369/775/224 371/776/224 373/777/224 375/778/224 377/779/224 379/780/224 381/781/224 383/782/224 385/783/224 387/784/224 389/785/224 391/786/224 393/787/224 395/788/224 397/789/224 399/790/224 401/791/224 403/792/224 405/793/224 407/794/224 409/795/224 411/796/224 413/797/224 415/798/224 417/799/224 419/800/224 421/801/224 423/802/224 425/803/224 427/804/224 429/805/224 431/806/224
o Front_Left_Mount
v 9.300000 1.600000 -0.800000
v 9.300000 2.400000 -0.800000
v 9.358527 1.600000 -0.794236
v 9.358527 2.400000 -0.794236
v 9.414805 1.600000 -0.777164
v 9.414805 2.400000 -0.777164
v 9.466671 1.600000 -0.749441
v 9.466671 2.400000 -0.749441
v 9.512133 1.600000 -0.712132
v 9.512133 2.400000 -0.712132
v 9.549441 1.600000 -0.666671
v 9.549441 2.400000 -0.666671
v 9.577164 1.600000 -0.614805
v 9.577164 2.400000 -0.614805
v 9.594235 1.600000 -0.558527
v 9.594235 2.400000 -0.558527
v 9.600000 1.600000 -0.500000
v 9.600000 2.400000 -0.500000
v 9.594235 1.600000 -0.441473
v 9.594235 2.400000 -0.441473
v 9.577164 1.600000 -0.385195
v 9.577164 2.400000 -0.385195
v 9.549441 1.600000 -0.333329
v 9.549441 2.400000 -0.333329
v 9.512133 1.600000 -0.287868
v 9.512133 2.400000 -0.287868
v 9.466671 1.600000 -0.250559
v 9.466671 2.400000 -0.250559
v 9.414805 1.600000 -0.222836
v 9.414805 2.400000 -0.222836
v 9.358527 1.600000 -0.205764
v 9.358527 2.400000 -0.205764
v 9.300000 1.600000 -0.200000
v 9.300000 2.400000 -0.200000
v 9.241473 1.600000 -0.205764
v 9.241473 2.400000 -0.205764
v 9.185195 1.600000 -0.222836
v 9.185195 2.400000 -0.222836
v 9.133329 1.600000 -0.250559
v 9.133329 2.400000 -0.250559
v 9.087868 1.600000 -0.287868
v 9.087868 2.400000 -0.287868
v 9.050559 1.600000 -0.333329
v 9.050559 2.400000 -0.333329
v 9.022837 1.600000 -0.385195
v 9.022837 2.400000 -0.385195
v 9.005765 1.600000 -0.441473
v 9.005765 2.400000 -0.441473
v 9.000000 1.600000 -0.500000
v 9.000000 2.400000 -0.500000
v 9.005765 1.600000 -0.558527
v 9.005765 2.400000 -0.558527
v 9.022837 1.600000 -0.614805
v 9.022837 2.400000 -0.614805
v 9.050559 1.600000 -0.666671
v 9.050559 2.400000 -0.666671
v 9.087868 1.600000 -0.712132
v 9.087868 2.400000 -0.712132
v 9.133329 1.600000 -0.749441
v 9.133329 2.400000 -0.749441
v 9.185195 1.600000 -0.777164
v 9.185195 2.400000 -0.777164
v 9.241473 1.600000 -0.794236
v 9.241473 2.400000 -0.794236
vn 0.0980 -0.0000 -0.9952
vn 0.2903 -0.0000 -0.9569
vn 0.4714 -0.0000 -0.8819
vn 0.6344 -0.0000 -0.7730
vn 0.7730 -0.0000 -0.6344
vn 0.8819 -0.0000 -0.4714
vn 0.9569 -0.0000 -0.2903
vn 0.9952 -0.0000 -0.0980
vn 0.9952 -0.0000 0.0980
vn 0.9569 -0.0000 0.2903
vn 0.8819 -0.0000 0.4714
vn 0.7730 -0.0000 0.6344
vn 0.6344 -0.0000 0.7730
vn 0.4714 -0.0000 0.8819
vn 0.2903 -0.0000 0.9569
vn 0.0980 -0.0000 0.9952
vn -0.0980 -0.0000 0.9952
vn -0.2903 -0.0000 0.9569
vn -0.4714 -0.0000 0.8819
vn -0.6344 -0.0000 0.7730
vn -0.7730 -0.0000 0.6344
vn -0.8819 -0.0000 0.4714
vn -0.9569 -0.0000 0.2903
vn -0.9952 -0.0000 0.0980
vn -0.9952 -0.0000 -0.0980
vn -0.9569 -0.0000 -0.2903
vn -0.8819 -0.0000 -0.4714
vn -0.7730 -0.0000 -0.6344
vn -0.6344 -0.0000 -0.7730
vn -0.4714 -0.0000 -0.8819
vn -0.0000 1.0000 -0.0000
vn -0.2903 -0.0000 -0.9569
vn -0.0980 -0.0000 -0.9952
vn -0.0000 -1.0000 -0.0000
vt 1.000000 0.500000
vt 1.000000 1.000000
vt 0.968750 1.000000
vt 0.968750 0.500000
vt 0.937500 1.000000
vt 0.937500 0.500000
vt 0.906250 1.000000
vt 0.906250 0.500000
vt 0.875000 1.000000
vt 0.875000 0.500000
vt 0.843750 1.000000
vt 0.843750 0.500000
vt 0.812500 1.000000
vt 0.812500 0.500000
vt 0.781250 1.000000
vt 0.781250 0.500000
vt 0.750000 1.000000
vt 0.750000 0.500000
vt 0.718750 1.000000
vt 0.718750 0.500000
vt 0.687500 1.000000
vt 0.687500 0.500000
vt 0.656250 1.000000
vt 0.656250 0.500000
vt 0.625000 1.000000
vt 0.625000 0.500000
vt 0.593750 1.000000
vt 0.593750 0.500000
vt 0.562500 1.000000
vt 0.562500 0.500000
vt 0.531250 1.000000
vt 0.531250 0.500000
vt 0.500000 1.000000
vt 0.500000 0.500000
vt 0.468750 1.000000
vt 0.468750 0.500000
vt 0.437500 1.000000
vt 0.437500 0.500000
vt 0.406250 1.000000
vt 0.406250 0.500000
vt 0.375000 1.000000
vt 0.375000 0.500000
vt 0.343750 1.000000
vt 0.343750 0.500000
vt 0.312500 1.000000
vt 0.312500 0.500000
vt 0.281250 1.000000
vt 0.281250 0.500000
vt 0.250000 1.000000
vt 0.250000 0.500000
vt 0.218750 1.000000
vt 0.218750 0.500000
vt 0.187500 1.000000
vt 0.187500 0.500000
vt 0.156250 1.000000
vt 0.156250 0.500000
vt 0.125000 1.000000
vt 0.125000 0.500000
vt 0.093750 1.000000
vt 0.093750 0.500000
vt 0.062500 1.000000
vt 0.062500 0.500000
vt 0.296822 0.485388
vt 0.250000 0.490000
vt 0.203178 0.485388
vt 0.158156 0.471731
vt 0.116663 0.449553
vt 0.080294 0.419706
vt 0.050447 0.383337
vt 0.028269 0.341844
vt 0.014612 0.296822
vt 0.010000 0.250000
vt 0.014612 0.203178
vt 0.028269 0.158156
vt 0.050447 0.116663
vt 0.080294 0.080294
vt 0.116663 0.050447
vt 0.158156 0.028269
vt 0.203178 0.014612
vt 0.250000 0.010000
vt 0.296822 0.014612
vt 0.341844 0.028269
vt 0.383337 0.050447
vt 0.419706 0.080294
vt 0.449553 0.116663
vt 0.471731 0.158156
vt 0.485388 0.203178
vt 0.490000 0.250000
vt 0.485388 0.296822
vt 0.471731 0.341844
vt 0.449553 0.383337
vt 0.419706 0.419706
vt 0.383337 0.449553
vt 0.341844 0.471731
vt 0.031250 1.000000
vt 0.031250 0.500000
vt 0.000000 1.000000
vt 0.000000 0.500000
vt 0.750000 0.490000
vt 0.796822 0.485388
vt 0.841844 0.471731
vt 0.883337 0.449553
vt 0.919706 0.419706
vt 0.949553 0.383337
vt 0.971731 0.341844
vt 0.985388 0.296822
vt 0.990000 0.250000
vt 0.985388 0.203178
vt 0.971731 0.158156
vt 0.949553 0.116663
vt 0.919706 0.080294
vt 0.883337 0.050447
vt 0.841844 0.028269
vt 0.796822 0.014612
vt 0.750000 0.010000
vt 0.703178 0.014612
vt 0.658156 0.028269
vt 0.616663 0.050447
vt 0.580294 0.080294
vt 0.550447 0.116663
vt 0.528269 0.158156
vt 0.514612 0.203178
vt 0.510000 0.250000
vt 0.514612 0.296822
vt 0.528269 0.341844
vt 0.550447 0.383337
vt 0.580294 0.419706
vt 0.616663 0.449553
vt 0.658156 0.471731
vt 0.703178 0.485388
s 0
usemtl Sensor_Mounts
f 433/807/225 434/808/225 436/809/225 435/810/225
f 435/810/226 436/809/226 438/811/226 437/812/226
f 437/812/227 438/811/227 440/813/227 439/814/227
f 439/814/228 440/813/228 442/815/228 441/816/228
f 441/816/229 442/815/229 444/817/229 443/818/229
f 443/818/230 444/817/230 446/819/230 445/820/230
f 445/820/231 446/819/231 448/821/231 447/822/231
f 447/822/232 448/821/232 450/823/232 449/824/232
f 449/824/233 450/823/233 452/825/233 451/826/233
f 451/826/234 452/825/234 454/827/234 453/828/234
f 453/828/235 454/827/235 456/829/235 455/830/235
f 455/830/236 456/829/236 458/831/236 457/832/236
f 457/832/237 458/831/237 460/833/237 459/834/237
f 459/834/238 460/833/238 462/835/238 461/836/238
f 461/836/239 462/835/239 464/837/239 463/838/239
f 463/838/240 464/837/240 466/839/240 465/840/240
f 465/840/241 466/839/241 468/841/241 467/842/241
f 467/842/242 468/841/242 470/843/242 469/844/242
f 469/844/243 470/843/243 472/845/243 471/846/243
f 471/846/244 472/845/244 474/847/244 473/848/244
f 473/848/245 474/847/245 476/849/245 475/850/245
f 475/850/246 476/849/246 478/851/246 477/852/246
f 477/852/247 478/851/247 480/853/247 479/854/247
f 479/854/248 480/853/248 482/855/248 481/856/248
f 481/856/249 482/855/249 484/857/249 483/858/249
f 483/858/250 484/857/250 486/859/250 485/860/250
f 485/860/251 486/859/251 488/861/251 487/862/251
f 487/862/252 488/861/252 490/863/252 489/864/252
f 489/864/253 490/863/253 492/865/253 491/866/253
f 491/866/254 492/865/254 494/867/254 493/868/254
f 436/869/255 434/870/255 496/871/255 494/872/255 492/873/255 490/874/255 488/875/255 486/876/255 484/877/255 482/878/255 480/879/255 478/880/255 476/881/255 474/882/255 472/883/255 470/884/255 468/885/255 466/886/255 464/887/255 462/888/255 460/889/255 458/890/255 456/891/255 454/892/255 452/893/255 450/894/255 448/895/255 446/896/255 444/897/255 442/898/255 440/899/255 438/900/255
f 493/868/256 494/867/256 496/901/256 495/902/256
f 495/902/257 496/901/257 434/903/257 433/904/257
f 433/905/258 435/906/258 437/907/258 439/908/258 441/909/258 443/910/258 445/911/258 447/912/258 449/913/258 451/914/258 453/915/258 455/916/258 457/917/258 459/918/258 461/919/258 463/920/258 465/921/258 467/922/258 469/923/258 471/924/258 473/925/258 475/926/258 477/927/258 479/928/258 481/929/258 483/930/258 485/931/258 487/932/258 489/933/258 491/934/258 493/935/258 495/936/258
o Front_Right_Mount
v 9.300000 1.600000 -9.600000
v 9.300000 2.400000 -9.600000
v 9.358527 1.600000 -9.594235
v 9.358527 2.400000 -9.594235
v 9.414805 1.600000 -9.577164
v 9.414805 2.400000 -9.577164
v 9.466671 1.600000 -9.549441
v 9.466671 2.400000 -9.549441
v 9.512133 1.600000 -9.512133
v 9.512133 2.400000 -9.512133
v 9.549441 1.600000 -9.466671
v 9.549441 2.400000 -9.466671
v 9.577164 1.600000 -9.414805
v 9.577164 2.400000 -9.414805
v 9.594235 1.600000 -9.358527
v 9.594235 2.400000 -9.358527
v 9.600000 1.600000 -9.300000
v 9.600000 2.400000 -9.300000
v 9.594235 1.600000 -9.241473
v 9.594235 2.400000 -9.241473
v 9.577164 1.600000 -9.185195
v 9.577164 2.400000 -9.185195
v 9.549441 1.600000 -9.133329
v 9.549441 2.400000 -9.133329
v 9.512133 1.600000 -9.087868
v 9.512133 2.400000 -9.087868
v 9.466671 1.600000 -9.050559
v 9.466671 2.400000 -9.050559
v 9.414805 1.600000 -9.022837
v 9.414805 2.400000 -9.022837
v 9.358527 1.600000 -9.005765
v 9.358527 2.400000 -9.005765
v 9.300000 1.600000 -9.000000
v 9.300000 2.400000 -9.000000
v 9.241473 1.600000 -9.005765
v 9.241473 2.400000 -9.005765
v 9.185195 1.600000 -9.022837
v 9.185195 2.400000 -9.022837
v 9.133329 1.600000 -9.050559
v 9.133329 2.400000 -9.050559
v 9.087868 1.600000 -9.087868
v 9.087868 2.400000 -9.087868
v 9.050559 1.600000 -9.133329
v 9.050559 2.400000 -9.133329
v 9.022837 1.600000 -9.185195
v 9.022837 2.400000 -9.185195
v 9.005765 1.600000 -9.241473
v 9.005765 2.400000 -9.241473
v 9.000000 1.600000 -9.300000
v 9.000000 2.400000 -9.300000
v 9.005765 1.600000 -9.358527
v 9.005765 2.400000 -9.358527
v 9.022837 1.600000 -9.414805
v 9.022837 2.400000 -9.414805
v 9.050559 1.600000 -9.466671
v 9.050559 2.400000 -9.466671
v 9.087868 1.600000 -9.512133
v 9.087868 2.400000 -9.512133
v 9.133329 1.600000 -9.549441
v 9.133329 2.400000 -9.549441
v 9.185195 1.600000 -9.577164
v 9.185195 2.400000 -9.577164
v 9.241473 1.600000 -9.594235
v 9.241473 2.400000 -9.594235
vn 0.0980 -0.0000 -0.9952
vn 0.2903 -0.0000 -0.9569
vn 0.4714 -0.0000 -0.8819
vn 0.6344 -0.0000 -0.7730
vn 0.7730 -0.0000 -0.6344
vn 0.8819 -0.0000 -0.4714
vn 0.9569 -0.0000 -0.2903
vn 0.9952 -0.0000 -0.0980
vn 0.9952 -0.0000 0.0980
vn 0.9569 -0.0000 0.2903
vn 0.8819 -0.0000 0.4714
vn 0.7730 -0.0000 0.6344
vn 0.6344 -0.0000 0.7730
vn 0.4714 -0.0000 0.8819
vn 0.2903 -0.0000 0.9569
vn 0.0980 -0.0000 0.9952
vn -0.0980 -0.0000 0.9952
vn -0.2903 -0.0000 0.9569
vn -0.4714 -0.0000 0.8819
vn -0.6344 -0.0000 0.7730
vn -0.7730 -0.0000 0.6344
vn -0.8819 -0.0000 0.4714
vn -0.9569 -0.0000 0.2903
vn -0.9952 -0.0000 0.0980
vn -0.9952 -0.0000 -0.0980
vn -0.9569 -0.0000 -0.2903
vn -0.8819 -0.0000 -0.4714
vn -0.7730 -0.0000 -0.6344
vn -0.6344 -0.0000 -0.7730
vn -0.4714 -0.0000 -0.8819
vn -0.0000 1.0000 -0.0000
vn -0.2903 -0.0000 -0.9569
vn -0.0980 -0.0000 -0.9952
vn -0.0000 -1.0000 -0.0000
vt 1.000000 0.500000
vt 1.000000 1.000000
vt 0.968750 1.000000
vt 0.968750 0.500000
vt 0.937500 1.000000
vt 0.937500 0.500000
vt 0.906250 1.000000
vt 0.906250 0.500000
vt 0.875000 1.000000
vt 0.875000 0.500000
vt 0.843750 1.000000
vt 0.843750 0.500000
vt 0.812500 1.000000
vt 0.812500 0.500000
vt 0.781250 1.000000
vt 0.781250 0.500000
vt 0.750000 1.000000
vt 0.750000 0.500000
vt 0.718750 1.000000
vt 0.718750 0.500000
vt 0.687500 1.000000
vt 0.687500 0.500000
vt 0.656250 1.000000
vt 0.656250 0.500000
vt 0.625000 1.000000
vt 0.625000 0.500000
vt 0.593750 1.000000
vt 0.593750 0.500000
vt 0.562500 1.000000
vt 0.562500 0.500000
vt 0.531250 1.000000
vt 0.531250 0.500000
vt 0.500000 1.000000
vt 0.500000 0.500000
vt 0.468750 1.000000
vt 0.468750 0.500000
vt 0.437500 1.000000
vt 0.437500 0.500000
vt 0.406250 1.000000
vt 0.406250 0.500000
vt 0.375000 1.000000
vt 0.375000 0.500000
vt 0.343750 1.000000
vt 0.343750 0.500000
vt 0.312500 1.000000
vt 0.312500 0.500000
vt 0.281250 1.000000
vt 0.281250 0.500000
vt 0.250000 1.000000
vt 0.250000 0.500000
vt 0.218750 1.000000
vt 0.218750 0.500000
vt 0.187500 1.000000
vt 0.187500 0.500000
vt 0.156250 1.000000
vt 0.156250 0.500000
vt 0.125000 1.000000
vt 0.125000 0.500000
vt 0.093750 1.000000
vt 0.093750 0.500000
vt 0.062500 1.000000
vt 0.062500 0.500000
vt 0.296822 0.485388
vt 0.250000 0.490000
vt 0.203178 0.485388
vt 0.158156 0.471731
vt 0.116663 0.449553
vt 0.080294 0.419706
vt 0.050447 0.383337
vt 0.028269 0.341844
vt 0.014612 0.296822
vt 0.010000 0.250000
vt 0.014612 0.203178
vt 0.028269 0.158156
vt 0.050447 0.116663
vt 0.080294 0.080294
vt 0.116663 0.050447
vt 0.158156 0.028269
vt 0.203178 0.014612
vt 0.250000 0.010000
vt 0.296822 0.014612
vt 0.341844 0.028269
vt 0.383337 0.050447
vt 0.419706 0.080294
vt 0.449553 0.116663
vt 0.471731 0.158156
vt 0.485388 0.203178
vt 0.490000 0.250000
vt 0.485388 0.296822
vt 0.471731 0.341844
vt 0.449553 0.383337
vt 0.419706 0.419706
vt 0.383337 0.449553
vt 0.341844 0.471731
vt 0.031250 1.000000
vt 0.031250 0.500000
vt 0.000000 1.000000
vt 0.000000 0.500000
vt 0.750000 0.490000
vt 0.796822 0.485388
vt 0.841844 0.471731
vt 0.883337 0.449553
vt 0.919706 0.419706
vt 0.949553 0.383337
vt 0.971731 0.341844
vt 0.985388 0.296822
vt 0.990000 0.250000
vt 0.985388 0.203178
vt 0.971731 0.158156
vt 0.949553 0.116663
vt 0.919706 0.080294
vt 0.883337 0.050447
vt 0.841844 0.028269
vt 0.796822 0.014612
vt 0.750000 0.010000
vt 0.703178 0.014612
vt 0.658156 0.028269
vt 0.616663 0.050447
vt 0.580294 0.080294
vt 0.550447 0.116663
vt 0.528269 0.158156
vt 0.514612 0.203178
vt 0.510000 0.250000
vt 0.514612 0.296822
vt 0.528269 0.341844
vt 0.550447 0.383337
vt 0.580294 0.419706
vt 0.616663 0.449553
vt 0.658156 0.471731
vt 0.703178 0.485388
s 0
usemtl Sensor_Mounts
f 497/937/259 498/938/259 500/939/259 499/940/259
f 499/940/260 500/939/260 502/941/260 501/942/260
f 501/942/261 502/941/261 504/943/261 503/944/261
f 503/944/262 504/943/262 506/945/262 505/946/262
f 505/946/263 506/945/263 508/947/263 507/948/263
f 507/948/264 508/947/264 510/949/264 509/950/264
f 509/950/265 510/949/265 512/951/265 511/952/265
f 511/952/266 512/951/266 514/953/266 513/954/266
f 513/954/267 514/953/267 516/955/267 515/956/267
f 515/956/268 516/955/268 518/957/268 517/958/268
f 517/958/269 518/957/269 520/959/269 519/960/269
f 519/960/270 520/959/270 522/961/270 521/962/270
f 521/962/271 522/961/271 524/963/271 523/964/271
f 523/964/272 524/963/272 526/965/272 525/966/272
f 525/966/273 526/965/273 528/967/273 527/968/273
f 527/968/274 528/967/274 530/969/274 529/970/274
f 529/970/275 530/969/275 532/971/275 531/972/275
f 531/972/276 532/971/276 534/973/276 533/974/276
f 533/974/277 534/973/277 536/975/277 535/976/277
f 535/976/278 536/975/278 538/977/278 537/978/278
f 537/978/279 538/977/279 540/979/279 539/980/279
f 539/980/280 540/979/280 542/981/280 541/982/280
f 541/982/281 542/981/281 544/983/281 543/984/281
f 543/984/282 544/983/282 546/985/282 545/986/282
f 545/986/283 546/985/283 548/987/283 547/988/283
f 547/988/284 548/987/284 550/989/284 549/990/284
f 549/990/285 550/989/285 552/991/285 551/992/285
f 551/992/286 552/991/286 554/993/286 553/994/286
f 553/994/287 554/993/287 556/995/287 555/996/287
f 555/996/288 556/995/288 558/997/288 557/998/288
f 500/999/289 498/1000/289 560/1001/289 558/1002/289 556/1003/289 554/1004/289 552/1005/289 550/1006/289 548/1007/289 546/1008/289 544/1009/289 542/1010/289 540/1011/289 538/1012/289 536/1013/289 534/1014/289 532/1015/289 530/1016/289 528/1017/289 526/1018/289 524/1019/289 522/1020/289 520/1021/289 518/1022/289 516/1023/289 514/1024/289 512/1025/289 510/1026/289 508/1027/289 506/1028/289 504/1029/289 502/1030/289
f 557/998/290 558/997/290 560/1031/290 559/1032/290
f 559/1032/291 560/1031/291 498/1033/291 497/1034/291
f 497/1035/292 499/1036/292 501/1037/292 503/1038/292 505/1039/292 507/1040/292 509/1041/292 511/1042/292 513/1043/292 515/1044/292 517/1045/292 519/1046/292 521/1047/292 523/1048/292 525/1049/292 527/1050/292 529/1051/292 531/1052/292 533/1053/292 535/1054/292 537/1055/292 539/1056/292 541/1057/292 543/1058/292 545/1059/292 547/1060/292 549/1061/292 551/1062/292 553/1063/292 555/1064/292 557/1065/292 559/1066/292
o Rear_Left_Mount
v 0.500000 1.600000 -0.800000
v 0.500000 2.400000 -0.800000
v 0.558527 1.600000 -0.794236
v 0.558527 2.400000 -0.794236
v 0.614805 1.600000 -0.777164
v 0.614805 2.400000 -0.777164
v 0.666671 1.600000 -0.749441
v 0.666671 2.400000 -0.749441
v 0.712132 1.600000 -0.712132
v 0.712132 2.400000 -0.712132
v 0.749441 1.600000 -0.666671
v 0.749441 2.400000 -0.666671
v 0.777164 1.600000 -0.614805
v 0.777164 2.400000 -0.614805
v 0.794236 1.600000 -0.558527
v 0.794236 2.400000 -0.558527
v 0.800000 1.600000 -0.500000
v 0.800000 2.400000 -0.500000
v 0.794236 1.600000 -0.441473
v 0.794236 2.400000 -0.441473
v 0.777164 1.600000 -0.385195
v 0.777164 2.400000 -0.385195
v 0.749441 1.600000 -0.333329
v 0.749441 2.400000 -0.333329
v 0.712132 1.600000 -0.287868
v 0.712132 2.400000 -0.287868
v 0.666671 1.600000 -0.250559
v 0.666671 2.400000 -0.250559
v 0.614805 1.600000 -0.222836
v 0.614805 2.400000 -0.222836
v 0.558527 1.600000 -0.205764
v 0.558527 2.400000 -0.205764
v 0.500000 1.600000 -0.200000
v 0.500000 2.400000 -0.200000
v 0.441473 1.600000 -0.205764
v 0.441473 2.400000 -0.205764
v 0.385195 1.600000 -0.222836
v 0.385195 2.400000 -0.222836
v 0.333329 1.600000 -0.250559
v 0.333329 2.400000 -0.250559
v 0.287868 1.600000 -0.287868
v 0.287868 2.400000 -0.287868
v 0.250559 1.600000 -0.333329
v 0.250559 2.400000 -0.333329
v 0.222836 1.600000 -0.385195
v 0.222836 2.400000 -0.385195
v 0.205764 1.600000 -0.441473
v 0.205764 2.400000 -0.441473
v 0.200000 1.600000 -0.500000
v 0.200000 2.400000 -0.500000
v 0.205764 1.600000 -0.558527
v 0.205764 2.400000 -0.558527
v 0.222836 1.600000 -0.614805
v 0.222836 2.400000 -0.614805
v 0.250559 1.600000 -0.666671
v 0.250559 2.400000 -0.666671
v 0.287868 1.600000 -0.712132
v 0.287868 2.400000 -0.712132
v 0.333329 1.600000 -0.749441
v 0.333329 2.400000 -0.749441
v 0.385195 1.600000 -0.777164
v 0.385195 2.400000 -0.777164
v 0.441473 1.600000 -0.794236
v 0.441473 2.400000 -0.794236
vn 0.0980 -0.0000 -0.9952
vn 0.2903 -0.0000 -0.9569
vn 0.4714 -0.0000 -0.8819
vn 0.6344 -0.0000 -0.7730
vn 0.7730 -0.0000 -0.6344
vn 0.8819 -0.0000 -0.4714
vn 0.9569 -0.0000 -0.2903
vn 0.9952 -0.0000 -0.0980
vn 0.9952 -0.0000 0.0980
vn 0.9569 -0.0000 0.2903
vn 0.8819 -0.0000 0.4714
vn 0.7730 -0.0000 0.6344
vn 0.6344 -0.0000 0.7730
vn 0.4714 -0.0000 0.8819
vn 0.2903 -0.0000 0.9569
vn 0.0980 -0.0000 0.9952
vn -0.0980 -0.0000 0.9952
vn -0.2903 -0.0000 0.9569
vn -0.4714 -0.0000 0.8819
vn -0.6344 -0.0000 0.7730
vn -0.7730 -0.0000 0.6344
vn -0.8819 -0.0000 0.4714
vn -0.9569 -0.0000 0.2903
vn -0.9952 -0.0000 0.0980
vn -0.9952 -0.0000 -0.0980
vn -0.9569 -0.0000 -0.2903
vn -0.8819 -0.0000 -0.4714
vn -0.7730 -0.0000 -0.6344
vn -0.6344 -0.0000 -0.7730
vn -0.4714 -0.0000 -0.8819
vn -0.0000 1.0000 -0.0000
vn -0.2903 -0.0000 -0.9569
vn -0.0980 -0.0000 -0.9952
vn -0.0000 -1.0000 -0.0000
vt 1.000000 0.500000
vt 1.000000 1.000000
vt 0.968750 1.000000
vt 0.968750 0.500000
vt 0.937500 1.000000
vt 0.937500 0.500000
vt 0.906250 1.000000
vt 0.906250 0.500000
vt 0.875000 1.000000
vt 0.875000 0.500000
vt 0.843750 1.000000
vt 0.843750 0.500000
vt 0.812500 1.000000
vt 0.812500 0.500000
vt 0.781250 1.000000
vt 0.781250 0.500000
vt 0.750000 1.000000
vt 0.750000 0.500000
vt 0.718750 1.000000
vt 0.718750 0.500000
vt 0.687500 1.000000
vt 0.687500 0.500000
vt 0.656250 1.000000
vt 0.656250 0.500000
vt 0.625000 1.000000
vt 0.625000 0.500000
vt 0.593750 1.000000
vt 0.593750 0.500000
vt 0.562500 1.000000
vt 0.562500 0.500000
vt 0.531250 1.000000
vt 0.531250 0.500000
vt 0.500000 1.000000
vt 0.500000 0.500000
vt 0.468750 1.000000
vt 0.468750 0.500000
vt 0.437500 1.000000
vt 0.437500 0.500000
vt 0.406250 1.000000
vt 0.406250 0.500000
vt 0.375000 1.000000
vt 0.375000 0.500000
vt 0.343750 1.000000
vt 0.343750 0.500000
vt 0.312500 1.000000
vt 0.312500 0.500000
vt 0.281250 1.000000
vt 0.281250 0.500000
vt 0.250000 1.000000
vt 0.250000 0.500000
vt 0.218750 1.000000
vt 0.218750 0.500000
vt 0.187500 1.000000
vt 0.187500 0.500000
vt 0.156250 1.000000
vt 0.156250 0.500000
vt 0.125000 1.000000
vt 0.125000 0.500000
vt 0.093750 1.000000
vt 0.093750 0.500000
vt 0.062500 1.000000
vt 0.062500 0.500000
vt 0.296822 0.485388
vt 0.250000 0.490000
vt 0.203178 0.485388
vt 0.158156 0.471731
vt 0.116663 0.449553
vt 0.080294 0.419706
vt 0.050447 0.383337
vt 0.028269 0.341844
vt 0.014612 0.296822
vt 0.010000 0.250000
vt 0.014612 0.203178
vt 0.028269 0.158156
vt 0.050447 0.116663
vt 0.080294 0.080294
vt 0.116663 0.050447
vt 0.158156 0.028269
vt 0.203178 0.014612
vt 0.250000 0.010000
vt 0.296822 0.014612
vt 0.341844 0.028269
vt 0.383337 0.050447
vt 0.419706 0.080294
vt 0.449553 0.116663
vt 0.471731 0.158156
vt 0.485388 0.203178
vt 0.490000 0.250000
vt 0.485388 0.296822
vt 0.471731 0.341844
vt 0.449553 0.383337
vt 0.419706 0.419706
vt 0.383337 0.449553
vt 0.341844 0.471731
vt 0.031250 1.000000
vt 0.031250 0.500000
vt 0.000000 1.000000
vt 0.000000 0.500000
vt 0.750000 0.490000
vt 0.796822 0.485388
vt 0.841844 0.471731
vt 0.883337 0.449553
vt 0.919706 0.419706
vt 0.949553 0.383337
vt 0.971731 0.341844
vt 0.985388 0.296822
vt 0.990000 0.250000
vt 0.985388 0.203178
vt 0.971731 0.158156
vt 0.949553 0.116663
vt 0.919706 0.080294
vt 0.883337 0.050447
vt 0.841844 0.028269
vt 0.796822 0.014612
vt 0.750000 0.010000
vt 0.703178 0.014612
vt 0.658156 0.028269
vt 0.616663 0.050447
vt 0.580294 0.080294
vt 0.550447 0.116663
vt 0.528269 0.158156
vt 0.514612 0.203178
vt 0.510000 0.250000
vt 0.514612 0.296822
vt 0.528269 0.341844
vt 0.550447 0.383337
vt 0.580294 0.419706
vt 0.616663 0.449553
vt 0.658156 0.471731
vt 0.703178 0.485388
s 0
usemtl Sensor_Mounts
f 561/1067/293 562/1068/293 564/1069/293 563/1070/293
f 563/1070/294 564/1069/294 566/1071/294 565/1072/294
f 565/1072/295 566/1071/295 568/1073/295 567/1074/295
f 567/1074/296 568/1073/296 570/1075/296 569/1076/296
f 569/1076/297 570/1075/297 572/1077/297 571/1078/297
f 571/1078/298 572/1077/298 574/1079/298 573/1080/298
f 573/1080/299 574/1079/299 576/1081/299 575/1082/299
f 575/1082/300 576/1081/300 578/1083/300 577/1084/300
f 577/1084/301 578/1083/301 580/1085/301 579/1086/301
f 579/1086/302 580/1085/302 582/1087/302 581/1088/302
f 581/1088/303 582/1087/303 584/1089/303 583/1090/303
f 583/1090/304 584/1089/304 586/1091/304 585/1092/304
f 585/1092/305 586/1091/305 588/1093/305 587/1094/305
f 587/1094/306 588/1093/306 590/1095/306 589/1096/306
f 589/1096/307 590/1095/307 592/1097/307 591/1098/307
f 591/1098/308 592/1097/308 594/1099/308 593/1100/308
f 593/1100/309 594/1099/309 596/1101/309 595/1102/309
f 595/1102/310 596/1101/310 598/1103/310 597/1104/310
f 597/1104/311 598/1103/311 600/1105/311 599/1106/311
f 599/1106/312 600/1105/312 602/1107/312 601/1108/312
f 601/1108/313 602/1107/313 604/1109/313 603/1110/313
f 603/1110/314 604/1109/314 606/1111/314 605/1112/314
f 605/1112/315 606/1111/315 608/1113/315 607/1114/315
f 607/1114/316 608/1113/316 610/1115/316 609/1116/316
f 609/1116/317 610/1115/317 612/1117/317 611/1118/317
f 611/1118/318 612/1117/318 614/1119/318 613/1120/318
f 613/1120/319 614/1119/319 616/1121/319 615/1122/319
f 615/1122/320 616/1121/320 618/1123/320 617/1124/320
f 617/1124/321 618/1123/321 620/1125/321 619/1126/321
f 619/1126/322 620/1125/322 622/1127/322 621/1128/322
f 564/1129/323 562/1130/323 624/1131/323 622/1132/323 620/1133/323 618/1134/323 616/1135/323 614/1136/323 612/1137/323 610/1138/323 608/1139/323 606/1140/323 604/1141/323 602/1142/323 600/1143/323 598/1144/323 596/1145/323 594/1146/323 592/1147/323 590/1148/323 588/1149/323 586/1150/323 584/1151/323 582/1152/323 580/1153/323 578/1154/323 576/1155/323 574/1156/323 572/1157/323 570/1158/323 568/1159/323 566/1160/323
f 621/1128/324 622/1127/324 624/1161/324 623/1162/324
f 623/1162/325 624/1161/325 562/1163/325 561/1164/325
f 561/1165/326 563/1166/326 565/1167/326 567/1168/326 569/1169/326 571/1170/326 573/1171/326 575/1172/326 577/1173/326 579/1174/326 581/1175/326 583/1176/326 585/1177/326 587/1178/326 589/1179/326 591/1180/326 593/1181/326 595/1182/326 597/1183/326 599/1184/326 601/1185/326 603/1186/326 605/1187/326 607/1188/326 609/1189/326 611/1190/326 613/1191/326 615/1192/326 617/1193/326 619/1194/326 621/1195/326 623/1196/326
o Rear_Right_Mount
v 0.500000 1.600000 -9.600000
v 0.500000 2.400000 -9.600000
v 0.558527 1.600000 -9.594235
v 0.558527 2.400000 -9.594235
v 0.614805 1.600000 -9.577164
v 0.614805 2.400000 -9.577164
v 0.666671 1.600000 -9.549441
v 0.666671 2.400000 -9.549441
v 0.712132 1.600000 -9.512133
v 0.712132 2.400000 -9.512133
v 0.749441 1.600000 -9.466671
v 0.749441 2.400000 -9.466671
v 0.777164 1.600000 -9.414805
v 0.777164 2.400000 -9.414805
v 0.794236 1.600000 -9.358527
v 0.794236 2.400000 -9.358527
v 0.800000 1.600000 -9.300000
v 0.800000 2.400000 -9.300000
v 0.794236 1.600000 -9.241473
v 0.794236 2.400000 -9.241473
v 0.777164 1.600000 -9.185195
v 0.777164 2.400000 -9.185195
v 0.749441 1.600000 -9.133329
v 0.749441 2.400000 -9.133329
v 0.712132 1.600000 -9.087868
v 0.712132 2.400000 -9.087868
v 0.666671 1.600000 -9.050559
v 0.666671 2.400000 -9.050559
v 0.614805 1.600000 -9.022837
v 0.614805 2.400000 -9.022837
v 0.558527 1.600000 -9.005765
v 0.558527 2.400000 -9.005765
v 0.500000 1.600000 -9.000000
v 0.500000 2.400000 -9.000000
v 0.441473 1.600000 -9.005765
v 0.441473 2.400000 -9.005765
v 0.385195 1.600000 -9.022837
v 0.385195 2.400000 -9.022837
v 0.333329 1.600000 -9.050559
v 0.333329 2.400000 -9.050559
v 0.287868 1.600000 -9.087868
v 0.287868 2.400000 -9.087868
v 0.250559 1.600000 -9.133329
v 0.250559 2.400000 -9.133329
v 0.222836 1.600000 -9.185195
v 0.222836 2.400000 -9.185195
v 0.205764 1.600000 -9.241473
v 0.205764 2.400000 -9.241473
v 0.200000 1.600000 -9.300000
v 0.200000 2.400000 -9.300000
v 0.205764 1.600000 -9.358527
v 0.205764 2.400000 -9.358527
v 0.222836 1.600000 -9.414805
v 0.222836 2.400000 -9.414805
v 0.250559 1.600000 -9.466671
v 0.250559 2.400000 -9.466671
v 0.287868 1.600000 -9.512133
v 0.287868 2.400000 -9.512133
v 0.333329 1.600000 -9.549441
v 0.333329 2.400000 -9.549441
v 0.385195 1.600000 -9.577164
v 0.385195 2.400000 -9.577164
v 0.441473 1.600000 -9.594235
v 0.441473 2.400000 -9.594235
vn 0.0980 -0.0000 -0.9952
vn 0.2903 -0.0000 -0.9569
vn 0.4714 -0.0000 -0.8819
vn 0.6344 -0.0000 -0.7730
vn 0.7730 -0.0000 -0.6344
vn 0.8819 -0.0000 -0.4714
vn 0.9569 -0.0000 -0.2903
vn 0.9952 -0.0000 -0.0980
vn 0.9952 -0.0000 0.0980
vn 0.9569 -0.0000 0.2903
vn 0.8819 -0.0000 0.4714
vn 0.7730 -0.0000 0.6344
vn 0.6344 -0.0000 0.7730
vn 0.4714 -0.0000 0.8819
vn 0.2903 -0.0000 0.9569
vn 0.0980 -0.0000 0.9952
vn -0.0980 -0.0000 0.9952
vn -0.2903 -0.0000 0.9569
vn -0.4714 -0.0000 0.8819
vn -0.6344 -0.0000 0.7730
vn -0.7730 -0.0000 0.6344
vn -0.8819 -0.0000 0.4714
vn -0.9569 -0.0000 0.2903
vn -0.9952 -0.0000 0.0980
vn -0.9952 -0.0000 -0.0980
vn -0.9569 -0.0000 -0.2903
vn -0.8819 -0.0000 -0.4714
vn -0.7730 -0.0000 -0.6344
vn -0.6344 -0.0000 -0.7730
vn -0.4714 -0.0000 -0.8819
vn -0.0000 1.0000 -0.0000
vn -0.2903 -0.0000 -0.9569
vn -0.0980 -0.0000 -0.9952
vn -0.0000 -1.0000 -0.0000
vt 1.000000 0.500000
vt 1.000000 1.000000
vt 0.968750 1.000000
vt 0.968750 0.500000
vt 0.937500 1.000000
vt 0.937500 0.500000
vt 0.906250 1.000000
vt 0.906250 0.500000
vt 0.875000 1.000000
vt 0.875000 0.500000
vt 0.843750 1.000000
vt 0.843750 0.500000
vt 0.812500 1.000000
vt 0.812500 0.500000
vt 0.781250 1.000000
vt 0.781250 0.500000
vt 0.750000 1.000000
vt 0.750000 0.500000
vt 0.718750 1.000000
vt 0.718750 0.500000
vt 0.687500 1.000000
vt 0.687500 0.500000
vt 0.656250 1.000000
vt 0.656250 0.500000
vt 0.625000 1.000000
vt 0.625000 0.500000
vt 0.593750 1.000000
vt 0.593750 0.500000
vt 0.562500 1.000000
vt 0.562500 0.500000
vt 0.531250 1.000000
vt 0.531250 0.500000
vt 0.500000 1.000000
vt 0.500000 0.500000
vt 0.468750 1.000000
vt 0.468750 0.500000
vt 0.437500 1.000000
vt 0.437500 0.500000
vt 0.406250 1.000000
vt 0.406250 0.500000
vt 0.375000 1.000000
vt 0.375000 0.500000
vt 0.343750 1.000000
vt 0.343750 0.500000
vt 0.312500 1.000000
vt 0.312500 0.500000
vt 0.281250 1.000000
vt 0.281250 0.500000
vt 0.250000 1.000000
vt 0.250000 0.500000
vt 0.218750 1.000000
vt 0.218750 0.500000
vt 0.187500 1.000000
vt 0.187500 0.500000
vt 0.156250 1.000000
vt 0.156250 0.500000
vt 0.125000 1.000000
vt 0.125000 0.500000
vt 0.093750 1.000000
vt 0.093750 0.500000
vt 0.062500 1.000000
vt 0.062500 0.500000
vt 0.296822 0.485388
vt 0.250000 0.490000
vt 0.203178 0.485388
vt 0.158156 0.471731
vt 0.116663 0.449553
vt 0.080294 0.419706
vt 0.050447 0.383337
vt 0.028269 0.341844
vt 0.014612 0.296822
vt 0.010000 0.250000
vt 0.014612 0.203178
vt 0.028269 0.158156
vt 0.050447 0.116663
vt 0.080294 0.080294
vt 0.116663 0.050447
vt 0.158156 0.028269
vt 0.203178 0.014612
vt 0.250000 0.010000
vt 0.296822 0.014612
vt 0.341844 0.028269
vt 0.383337 0.050447
vt 0.419706 0.080294
vt 0.449553 0.116663
vt 0.471731 0.158156
vt 0.485388 0.203178
vt 0.490000 0.250000
vt 0.485388 0.296822
vt 0.471731 0.341844
vt 0.449553 0.383337
vt 0.419706 0.419706
vt 0.383337 0.449553
vt 0.341844 0.471731
vt 0.031250 1.000000
vt 0.031250 0.500000
vt 0.000000 1.000000
vt 0.000000 0.500000
vt 0.750000 0.490000
vt 0.796822 0.485388
vt 0.841844 0.471731
vt 0.883337 0.449553
vt 0.919706 0.419706
vt 0.949553 0.383337
vt 0.971731 0.341844
vt 0.985388 0.296822
vt 0.990000 0.250000
vt 0.985388 0.203178
vt 0.971731 0.158156
vt 0.949553 0.116663
vt 0.919706 0.080294
vt 0.883337 0.050447
vt 0.841844 0.028269
vt 0.796822 0.014612
vt 0.750000 0.010000
vt 0.703178 0.014612
vt 0.658156 0.028269
vt 0.616663 0.050447
vt 0.580294 0.080294
vt 0.550447 0.116663
vt 0.528269 0.158156
vt 0.514612 0.203178
vt 0.510000 0.250000
vt 0.514612 0.296822
vt 0.528269 0.341844
vt 0.550447 0.383337
vt 0.580294 0.419706
vt 0.616663 0.449553
vt 0.658156 0.471731
vt 0.703178 0.485388
s 0
usemtl Sensor_Mounts
f 625/1197/327 626/1198/327 628/1199/327 627/1200/327
f 627/1200/328 628/1199/328 630/1201/328 629/1202/328
f 629/1202/329 630/1201/329 632/1203/329 631/1204/329
f 631/1204/330 632/1203/330 634/1205/330 633/1206/330
f 633/1206/331 634/1205/331 636/1207/331 635/1208/331
f 635/1208/332 636/1207/332 638/1209/332 637/1210/332
f 637/1210/333 638/1209/333 640/1211/333 639/1212/333
f 639/1212/334 640/1211/334 642/1213/334 641/1214/334
f 641/1214/335 642/1213/335 644/1215/335 643/1216/335
f 643/1216/336 644/1215/336 646/1217/336 645/1218/336
f 645/1218/337 646/1217/337 648/1219/337 647/1220/337
f 647/1220/338 648/1219/338 650/1221/338 649/1222/338
f 649/1222/339 650/1221/339 652/1223/339 651/1224/339
f 651/1224/340 652/1223/340 654/1225/340 653/1226/340
f 653/1226/341 654/1225/341 656/1227/341 655/1228/341
f 655/1228/342 656/1227/342 658/1229/342 657/1230/342
f 657/1230/343 658/1229/343 660/1231/343 659/1232/343
f 659/1232/344 660/1231/344 662/1233/344 661/1234/344
f 661/1234/345 662/1233/345 664/1235/345 663/1236/345
f 663/1236/346 664/1235/346 666/1237/346 665/1238/346
f 665/1238/347 666/1237/347 668/1239/347 667/1240/347
f 667/1240/348 668/1239/348 670/1241/348 669/1242/348
f 669/1242/349 670/1241/349 672/1243/349 671/1244/349
f 671/1244/350 672/1243/350 674/1245/350 673/1246/350
f 673/1246/351 674/1245/351 676/1247/351 675/1248/351
f 675/1248/352 676/1247/352 678/1249/352 677/1250/352
f 677/1250/353 678/1249/353 680/1251/353 679/1252/353
f 679/1252/354 680/1251/354 682/1253/354 681/1254/354
f 681/1254/355 682/1253/355 684/1255/355 683/1256/355
f 683/1256/356 684/1255/356 686/1257/356 685/1258/356
f 628/1259/357 626/1260/357 688/1261/357 686/1262/357 684/1263/357 682/1264/357 680/1265/357 678/1266/357 676/1267/357 674/1268/357 672/1269/357 670/1270/357 668/1271/357 666/1272/357 664/1273/357 662/1274/357 660/1275/357 658/1276/357 656/1277/357 654/1278/357 652/1279/357 650/1280/357 648/1281/357 646/1282/357 644/1283/357 642/1284/357 640/1285/357 638/1286/357 636/1287/357 634/1288/357 632/1289/357 630/1290/357
f 685/1258/358 686/1257/358 688/1291/358 687/1292/358
f 687/1292/359 688/1291/359 626/1293/359 625/1294/359
f 625/1295/360 627/1296/360 629/1297/360 631/1298/360 633/1299/360 635/1300/360 637/1301/360 639/1302/360 641/1303/360 643/1304/360 645/1305/360 647/1306/360 649/1307/360 651/1308/360 653/1309/360 655/1310/360 657/1311/360 659/1312/360 661/1313/360 663/1314/360 665/1315/360 667/1316/360 669/1317/360 671/1318/360 673/1319/360 675/1320/360 677/1321/360 679/1322/360 681/1323/360 683/1324/360 685/1325/360 687/1326/360
o Left_Center_Mount
v 4.900000 1.600000 -0.600000
v 4.900000 2.400000 -0.600000
v 4.958527 1.600000 -0.594236
v 4.958527 2.400000 -0.594236
v 5.014805 1.600000 -0.577164
v 5.014805 2.400000 -0.577164
v 5.066671 1.600000 -0.549441
v 5.066671 2.400000 -0.549441
v 5.112132 1.600000 -0.512132
v 5.112132 2.400000 -0.512132
v 5.149441 1.600000 -0.466671
v 5.149441 2.400000 -0.466671
v 5.177164 1.600000 -0.414805
v 5.177164 2.400000 -0.414805
v 5.194236 1.600000 -0.358527
v 5.194236 2.400000 -0.358527
v 5.200000 1.600000 -0.300000
v 5.200000 2.400000 -0.300000
v 5.194236 1.600000 -0.241473
v 5.194236 2.400000 -0.241473
v 5.177164 1.600000 -0.185195
v 5.177164 2.400000 -0.185195
v 5.149441 1.600000 -0.133329
v 5.149441 2.400000 -0.133329
v 5.112132 1.600000 -0.087868
v 5.112132 2.400000 -0.087868
v 5.066671 1.600000 -0.050559
v 5.066671 2.400000 -0.050559
v 5.014805 1.600000 -0.022836
v 5.014805 2.400000 -0.022836
v 4.958527 1.600000 -0.005764
v 4.958527 2.400000 -0.005764
v 4.900000 1.600000 0.000000
v 4.900000 2.400000 0.000000
v 4.841473 1.600000 -0.005764
v 4.841473 2.400000 -0.005764
v 4.785195 1.600000 -0.022836
v 4.785195 2.400000 -0.022836
v 4.733329 1.600000 -0.050559
v 4.733329 2.400000 -0.050559
v 4.687868 1.600000 -0.087868
v 4.687868 2.400000 -0.087868
v 4.650559 1.600000 -0.133329
v 4.650559 2.400000 -0.133329
v 4.622836 1.600000 -0.185195
v 4.622836 2.400000 -0.185195
v 4.605764 1.600000 -0.241473
v 4.605764 2.400000 -0.241473
v 4.600000 1.600000 -0.300000
v 4.600000 2.400000 -0.300000
v 4.605764 1.600000 -0.358527
v 4.605764 2.400000 -0.358527
v 4.622836 1.600000 -0.414805
v 4.622836 2.400000 -0.414805
v 4.650559 1.600000 -0.466671
v 4.650559 2.400000 -0.466671
v 4.687868 1.600000 -0.512132
v 4.687868 2.400000 -0.512132
v 4.733329 1.600000 -0.549441
v 4.733329 2.400000 -0.549441
v 4.785195 1.600000 -0.577164
v 4.785195 2.400000 -0.577164
v 4.841473 1.600000 -0.594236
v 4.841473 2.400000 -0.594236
vn 0.0980 -0.0000 -0.9952
vn 0.2903 -0.0000 -0.9569
vn 0.4714 -0.0000 -0.8819
vn 0.6344 -0.0000 -0.7730
vn 0.7730 -0.0000 -0.6344
vn 0.8819 -0.0000 -0.4714
vn 0.9569 -0.0000 -0.2903
vn 0.9952 -0.0000 -0.0980
vn 0.9952 -0.0000 0.0980
vn 0.9569 -0.0000 0.2903
vn 0.8819 -0.0000 0.4714
vn 0.7730 -0.0000 0.6344
vn 0.6344 -0.0000 0.7730
vn 0.4714 -0.0000 0.8819
vn 0.2903 -0.0000 0.9569
vn 0.0980 -0.0000 0.9952
vn -0.0980 -0.0000 0.9952
vn -0.2903 -0.0000 0.9569
vn -0.4714 -0.0000 0.8819
vn -0.6344 -0.0000 0.7730
vn -0.7730 -0.0000 0.6344
vn -0.8819 -0.0000 0.4714
vn -0.9569 -0.0000 0.2903
vn -0.9952 -0.0000 0.0980
vn -0.9952 -0.0000 -0.0980
vn -0.9569 -0.0000 -0.2903
vn -0.8819 -0.0000 -0.4714
vn -0.7730 -0.0000 -0.6344
vn -0.6344 -0.0000 -0.7730
vn -0.4714 -0.0000 -0.8819
vn -0.0000 1.0000 -0.0000
vn -0.2903 -0.0000 -0.9569
vn -0.0980 -0.0000 -0.9952
vn -0.0000 -1.0000 -0.0000
vt 1.000000 0.500000
vt 1.000000 1.000000
vt 0.968750 1.000000
vt 0.968750 0.500000
vt 0.937500 1.000000
vt 0.937500 0.500000
vt 0.906250 1.000000
vt 0.906250 0.500000
vt 0.875000 1.000000
vt 0.875000 0.500000
vt 0.843750 1.000000
vt 0.843750 0.500000
vt 0.812500 1.000000
vt 0.812500 0.500000
vt 0.781250 1.000000
vt 0.781250 0.500000
vt 0.750000 1.000000
vt 0.750000 0.500000
vt 0.718750 1.000000
vt 0.718750 0.500000
vt 0.687500 1.000000
vt 0.687500 0.500000
vt 0.656250 1.000000
vt 0.656250 0.500000
vt 0.625000 1.000000
vt 0.625000 0.500000
vt 0.593750 1.000000
vt 0.593750 0.500000
vt 0.562500 1.000000
vt 0.562500 0.500000
vt 0.531250 1.000000
vt 0.531250 0.500000
vt 0.500000 1.000000
vt 0.500000 0.500000
vt 0.468750 1.000000
vt 0.468750 0.500000
vt 0.437500 1.000000
vt 0.437500 0.500000
vt 0.406250 1.000000
vt 0.406250 0.500000
vt 0.375000 1.000000
vt 0.375000 0.500000
vt 0.343750 1.000000
vt 0.343750 0.500000
vt 0.312500 1.000000
vt 0.312500 0.500000
vt 0.281250 1.000000
vt 0.281250 0.500000
vt 0.250000 1.000000
vt 0.250000 0.500000
vt 0.218750 1.000000
vt 0.218750 0.500000
vt 0.187500 1.000000
vt 0.187500 0.500000
vt 0.156250 1.000000
vt 0.156250 0.500000
vt 0.125000 1.000000
vt 0.125000 0.500000
vt 0.093750 1.000000
vt 0.093750 0.500000
vt 0.062500 1.000000
vt 0.062500 0.500000
vt 0.296822 0.485388
vt 0.250000 0.490000
vt 0.203178 0.485388
vt 0.158156 0.471731
vt 0.116663 0.449553
vt 0.080294 0.419706
vt 0.050447 0.383337
vt 0.028269 0.341844
vt 0.014612 0.296822
vt 0.010000 0.250000
vt 0.014612 0.203178
vt 0.028269 0.158156
vt 0.050447 0.116663
vt 0.080294 0.080294
vt 0.116663 0.050447
vt 0.158156 0.028269
vt 0.203178 0.014612
vt 0.250000 0.010000
vt 0.296822 0.014612
vt 0.341844 0.028269
vt 0.383337 0.050447
vt 0.419706 0.080294
vt 0.449553 0.116663
vt 0.471731 0.158156
vt 0.485388 0.203178
vt 0.490000 0.250000
vt 0.485388 0.296822
vt 0.471731 0.341844
vt 0.449553 0.383337
vt 0.419706 0.419706
vt 0.383337 0.449553
vt 0.341844 0.471731
vt 0.031250 1.000000
vt 0.031250 0.500000
vt 0.000000 1.000000
vt 0.000000 0.500000
vt 0.750000 0.490000
vt 0.796822 0.485388
vt 0.841844 0.471731
vt 0.883337 0.449553
vt 0.919706 0.419706
vt 0.949553 0.383337
vt 0.971731 0.341844
vt 0.985388 0.296822
vt 0.990000 0.250000
vt 0.985388 0.203178
vt 0.971731 0.158156
vt 0.949553 0.116663
vt 0.919706 0.080294
vt 0.883337 0.050447
vt 0.841844 0.028269
vt 0.796822 0.014612
vt 0.750000 0.010000
vt 0.703178 0.014612
vt 0.658156 0.028269
vt 0.616663 0.050447
vt 0.580294 0.080294
vt 0.550447 0.116663
vt 0.528269 0.158156
vt 0.514612 0.203178
vt 0.510000 0.250000
vt 0.514612 0.296822
vt 0.528269 0.341844
vt 0.550447 0.383337
vt 0.580294 0.419706
vt 0.616663 0.449553
vt 0.658156 0.471731
vt 0.703178 0.485388
s 0
usemtl Sensor_Mounts
f 689/1327/361 690/1328/361 692/1329/361 691/1330/361
f 691/1330/362 692/1329/362 694/1331/362 693/1332/362
f 693/1332/363 694/1331/363 696/1333/363 695/1334/363
f 695/1334/364 696/1333/364 698/1335/364 697/1336/364
f 697/1336/365 698/1335/365 700/1337/365 699/1338/365
f 699/1338/366 700/1337/366 702/1339/366 701/1340/366
f 701/1340/367 702/1339/367 704/1341/367 703/1342/367
f 703/1342/368 704/1341/368 706/1343/368 705/1344/368
f 705/1344/369 706/1343/369 708/1345/369 707/1346/369
f 707/1346/370 708/1345/370 710/1347/370 709/1348/370
f 709/1348/371 710/1347/371 712/1349/371 711/1350/371
f 711/1350/372 712/1349/372 714/1351/372 713/1352/372
f 713/1352/373 714/1351/373 716/1353/373 715/1354/373
f 715/1354/374 716/1353/374 718/1355/374 717/1356/374
f 717/1356/375 718/1355/375 720/1357/375 719/1358/375
f 719/1358/376 720/1357/376 722/1359/376 721/1360/376
f 721/1360/377 722/1359/377 724/1361/377 723/1362/377
f 723/1362/378 724/1361/378 726/1363/378 725/1364/378
f 725/1364/379 726/1363/379 728/1365/379 727/1366/379
f 727/1366/380 728/1365/380 730/1367/380 729/1368/380
f 729/1368/381 730/1367/381 732/1369/381 731/1370/381
f 731/1370/382 732/1369/382 734/1371/382 733/1372/382
f 733/1372/383 734/1371/383 736/1373/383 735/1374/383
f 735/1374/384 736/1373/384 738/1375/384 737/1376/384
f 737/1376/385 738/1375/385 740/1377/385 739/1378/385
f 739/1378/386 740/1377/386 742/1379/386 741/1380/386
f 741/1380/387 742/1379/387 744/1381/387 743/1382/387
f 743/1382/388 744/1381/388 746/1383/388 745/1384/388
f 745/1384/389 746/1383/389 748/1385/389 747/1386/389
f 747/1386/390 748/1385/390 750/1387/390 749/1388/390
f 692/1389/391 690/1390/391 752/1391/391 750/1392/391 748/1393/391 746/1394/391 744/1395/391 742/1396/391 740/1397/391 738/1398/391 736/1399/391 734/1400/391 732/1401/391 730/1402/391 728/1403/391 726/1404/391 724/1405/391 722/1406/391 720/1407/391 718/1408/391 716/1409/391 714/1410/391 712/1411/391 710/1412/391 708/1413/391 706/1414/391 704/1415/391 702/1416/391 700/1417/391 698/1418/391 696/1419/391 694/1420/391
f 749/1388/392 750/1387/392 752/1421/392 751/1422/392
f 751/1422/393 752/1421/393 690/1423/393 689/1424/393
f 689/1425/394 691/1426/394 693/1427/394 695/1428/394 697/1429/394 699/1430/394 701/1431/394 703/1432/394 705/1433/394 707/1434/394 709/1435/394 711/1436/394 713/1437/394 715/1438/394 717/1439/394 719/1440/394 721/1441/394 723/1442/394 725/1443/394 727/1444/394 729/1445/394 731/1446/394 733/1447/394 735/1448/394 737/1449/394 739/1450/394 741/1451/394 743/1452/394 745/1453/394 747/1454/394 749/1455/394 751/1456/394
o Right_Center_Mount
v 4.900000 1.600000 -9.800000
v 4.900000 2.400000 -9.800000
v 4.958527 1.600000 -9.794235
v 4.958527 2.400000 -9.794235
v 5.014805 1.600000 -9.777164
v 5.014805 2.400000 -9.777164
v 5.066671 1.600000 -9.749441
v 5.066671 2.400000 -9.749441
v 5.112132 1.600000 -9.712132
v 5.112132 2.400000 -9.712132
v 5.149441 1.600000 -9.666671
v 5.149441 2.400000 -9.666671
v 5.177164 1.600000 -9.614805
v 5.177164 2.400000 -9.614805
v 5.194236 1.600000 -9.558527
v 5.194236 2.400000 -9.558527
v 5.200000 1.600000 -9.500000
v 5.200000 2.400000 -9.500000
v 5.194236 1.600000 -9.441473
v 5.194236 2.400000 -9.441473
v 5.177164 1.600000 -9.385195
v 5.177164 2.400000 -9.385195
v 5.149441 1.600000 -9.333329
v 5.149441 2.400000 -9.333329
v 5.112132 1.600000 -9.287868
v 5.112132 2.400000 -9.287868
v 5.066671 1.600000 -9.250559
v 5.066671 2.400000 -9.250559
v 5.014805 1.600000 -9.222836
v 5.014805 2.400000 -9.222836
v 4.958527 1.600000 -9.205765
v 4.958527 2.400000 -9.205765
v 4.900000 1.600000 -9.200000
v 4.900000 2.400000 -9.200000
v 4.841473 1.600000 -9.205765
v 4.841473 2.400000 -9.205765
v 4.785195 1.600000 -9.222836
v 4.785195 2.400000 -9.222836
v 4.733329 1.600000 -9.250559
v 4.733329 2.400000 -9.250559
v 4.687868 1.600000 -9.287868
v 4.687868 2.400000 -9.287868
v 4.650559 1.600000 -9.333329
v 4.650559 2.400000 -9.333329
v 4.622836 1.600000 -9.385195
v 4.622836 2.400000 -9.385195
v 4.605764 1.600000 -9.441473
v 4.605764 2.400000 -9.441473
v 4.600000 1.600000 -9.500000
v 4.600000 2.400000 -9.500000
v 4.605764 1.600000 -9.558527
v 4.605764 2.400000 -9.558527
v 4.622836 1.600000 -9.614805
v 4.622836 2.400000 -9.614805
v 4.650559 1.600000 -9.666671
v 4.650559 2.400000 -9.666671
v 4.687868 1.600000 -9.712132
v 4.687868 2.400000 -9.712132
v 4.733329 1.600000 -9.749441
v 4.733329 2.400000 -9.749441
v 4.785195 1.600000 -9.777164
v 4.785195 2.400000 -9.777164
v 4.841473 1.600000 -9.794235
v 4.841473 2.400000 -9.794235
vn 0.0980 -0.0000 -0.9952
vn 0.2903 -0.0000 -0.9569
vn 0.4714 -0.0000 -0.8819
vn 0.6344 -0.0000 -0.7730
vn 0.7730 -0.0000 -0.6344
vn 0.8819 -0.0000 -0.4714
vn 0.9569 -0.0000 -0.2903
vn 0.9952 -0.0000 -0.0980
vn 0.9952 -0.0000 0.0980
vn 0.9569 -0.0000 0.2903
vn 0.8819 -0.0000 0.4714
vn 0.7730 -0.0000 0.6344
vn 0.6344 -0.0000 0.7730
vn 0.4714 -0.0000 0.8819
vn 0.2903 -0.0000 0.9569
vn 0.0980 -0.0000 0.9952
vn -0.0980 -0.0000 0.9952
vn -0.2903 -0.0000 0.9569
vn -0.4714 -0.0000 0.8819
vn -0.6344 -0.0000 0.7730
vn -0.7730 -0.0000 0.6344
vn -0.8819 -0.0000 0.4714
vn -0.9569 -0.0000 0.2903
vn -0.9952 -0.0000 0.0980
vn -0.9952 -0.0000 -0.0980
vn -0.9569 -0.0000 -0.2903
vn -0.8819 -0.0000 -0.4714
vn -0.7730 -0.0000 -0.6344
vn -0.6344 -0.0000 -0.7730
vn -0.4714 -0.0000 -0.8819
vn -0.0000 1.0000 -0.0000
vn -0.2903 -0.0000 -0.9569
vn -0.0980 -0.0000 -0.9952
vn -0.0000 -1.0000 -0.0000
vt 1.000000 0.500000
vt 1.000000 1.000000
vt 0.968750 1.000000
vt 0.968750 0.500000
vt 0.937500 1.000000
vt 0.937500 0.500000
vt 0.906250 1.000000
vt 0.906250 0.500000
vt 0.875000 1.000000
vt 0.875000 0.500000
vt 0.843750 1.000000
vt 0.843750 0.500000
vt 0.812500 1.000000
vt 0.812500 0.500000
vt 0.781250 1.000000
vt 0.781250 0.500000
vt 0.750000 1.000000
vt 0.750000 0.500000
vt 0.718750 1.000000
vt 0.718750 0.500000
vt 0.687500 1.000000
vt 0.687500 0.500000
vt 0.656250 1.000000
vt 0.656250 0.500000
vt 0.625000 1.000000
vt 0.625000 0.500000
vt 0.593750 1.000000
vt 0.593750 0.500000
vt 0.562500 1.000000
vt 0.562500 0.500000
vt 0.531250 1.000000
vt 0.531250 0.500000
vt 0.500000 1.000000
vt 0.500000 0.500000
vt 0.468750 1.000000
vt 0.468750 0.500000
vt 0.437500 1.000000
vt 0.437500 0.500000
vt 0.406250 1.000000
vt 0.406250 0.500000
vt 0.375000 1.000000
vt 0.375000 0.500000
vt 0.343750 1.000000
vt 0.343750 0.500000
vt 0.312500 1.000000
vt 0.312500 0.500000
vt 0.281250 1.000000
vt 0.281250 0.500000
vt 0.250000 1.000000
vt 0.250000 0.500000
vt 0.218750 1.000000
vt 0.218750 0.500000
vt 0.187500 1.000000
vt 0.187500 0.500000
vt 0.156250 1.000000
vt 0.156250 0.500000
vt 0.125000 1.000000
vt 0.125000 0.500000
vt 0.093750 1.000000
vt 0.093750 0.500000
vt 0.062500 1.000000
vt 0.062500 0.500000
vt 0.296822 0.485388
vt 0.250000 0.490000
vt 0.203178 0.485388
vt 0.158156 0.471731
vt 0.116663 0.449553
vt 0.080294 0.419706
vt 0.050447 0.383337
vt 0.028269 0.341844
vt 0.014612 0.296822
vt 0.010000 0.250000
vt 0.014612 0.203178
vt 0.028269 0.158156
vt 0.050447 0.116663
vt 0.080294 0.080294
vt 0.116663 0.050447
vt 0.158156 0.028269
vt 0.203178 0.014612
vt 0.250000 0.010000
vt 0.296822 0.014612
vt 0.341844 0.028269
vt 0.383337 0.050447
vt 0.419706 0.080294
vt 0.449553 0.116663
vt 0.471731 0.158156
vt 0.485388 0.203178
vt 0.490000 0.250000
vt 0.485388 0.296822
vt 0.471731 0.341844
vt 0.449553 0.383337
vt 0.419706 0.419706
vt 0.383337 0.449553
vt 0.341844 0.471731
vt 0.031250 1.000000
vt 0.031250 0.500000
vt 0.000000 1.000000
vt 0.000000 0.500000
vt 0.750000 0.490000
vt 0.796822 0.485388
vt 0.841844 0.471731
vt 0.883337 0.449553
vt 0.919706 0.419706
vt 0.949553 0.383337
vt 0.971731 0.341844
vt 0.985388 0.296822
vt 0.990000 0.250000
vt 0.985388 0.203178
vt 0.971731 0.158156
vt 0.949553 0.116663
vt 0.919706 0.080294
vt 0.883337 0.050447
vt 0.841844 0.028269
vt 0.796822 0.014612
vt 0.750000 0.010000
vt 0.703178 0.014612
vt 0.658156 0.028269
vt 0.616663 0.050447
vt 0.580294 0.080294
vt 0.550447 0.116663
vt 0.528269 0.158156
vt 0.514612 0.203178
vt 0.510000 0.250000
vt 0.514612 0.296822
vt 0.528269 0.341844
vt 0.550447 0.383337
vt 0.580294 0.419706
vt 0.616663 0.449553
vt 0.658156 0.471731
vt 0.703178 0.485388
s 0
usemtl Sensor_Mounts
f 753/1457/395 754/1458/395 756/1459/395 755/1460/395
f 755/1460/396 756/1459/396 758/1461/396 757/1462/396
f 757/1462/397 758/1461/397 760/1463/397 759/1464/397
f 759/1464/398 760/1463/398 762/1465/398 761/1466/398
f 761/1466/399 762/1465/399 764/1467/399 763/1468/399
f 763/1468/400 764/1467/400 766/1469/400 765/1470/400
f 765/1470/401 766/1469/401 768/1471/401 767/1472/401
f 767/1472/402 768/1471/402 770/1473/402 769/1474/402
f 769/1474/403 770/1473/403 772/1475/403 771/1476/403
f 771/1476/404 772/1475/404 774/1477/404 773/1478/404
f 773/1478/405 774/1477/405 776/1479/405 775/1480/405
f 775/1480/406 776/1479/406 778/1481/406 777/1482/406
f 777/1482/407 778/1481/407 780/1483/407 779/1484/407
f 779/1484/408 780/1483/408 782/1485/408 781/1486/408
f 781/1486/409 782/1485/409 784/1487/409 783/1488/409
f 783/1488/410 784/1487/410 786/1489/410 785/1490/410
f 785/1490/411 786/1489/411 788/1491/411 787/1492/411
f 787/1492/412 788/1491/412 790/1493/412 789/1494/412
f 789/1494/413 790/1493/413 792/1495/413 791/1496/413
f 791/1496/414 792/1495/414 794/1497/414 793/1498/414
f 793/1498/415 794/1497/415 796/1499/415 795/1500/415
f 795/1500/416 796/1499/416 798/1501/416 797/1502/416
f 797/1502/417 798/1501/417 800/1503/417 799/1504/417
f 799/1504/418 800/1503/418 802/1505/418 801/1506/418
f 801/1506/419 802/1505/419 804/1507/419 803/1508/419
f 803/1508/420 804/1507/420 806/1509/420 805/1510/420
f 805/1510/421 806/1509/421 808/1511/421 807/1512/421
f 807/1512/422 808/1511/422 810/1513/422 809/1514/422
f 809/1514/423 810/1513/423 812/1515/423 811/1516/423
f 811/1516/424 812/1515/424 814/1517/424 813/1518/424
f 756/1519/425 754/1520/425 816/1521/425 814/1522/425 812/1523/425 810/1524/425 808/1525/425 806/1526/425 804/1527/425 802/1528/425 800/1529/425 798/1530/425 796/1531/425 794/1532/425 792/1533/425 790/1534/425 788/1535/425 786/1536/425 784/1537/425 782/1538/425 780/1539/425 778/1540/425 776/1541/425 774/1542/425 772/1543/425 770/1544/425 768/1545/425 766/1546/425 764/1547/425 762/1548/425 760/1549/425 758/1550/425
f 813/1518/426 814/1517/426 816/1551/426 815/1552/426
f 815/1552/427 816/1551/427 754/1553/427 753/1554/427
f 753/1555/428 755/1556/428 757/1557/428 759/1558/428 761/1559/428 763/1560/428 765/1561/428 767/1562/428 769/1563/428 771/1564/428 773/1565/428 775/1566/428 777/1567/428 779/1568/428 781/1569/428 783/1570/428 785/1571/428 787/1572/428 789/1573/428 791/1574/428 793/1575/428 795/1576/428 797/1577/428 799/1578/428 801/1579/428 803/1580/428 805/1581/428 807/1582/428 809/1583/428 811/1584/428 813/1585/428 815/1586/428
o Battery_Position_CoG
v 3.650000 0.500000 -4.000000
v 3.650000 1.300000 -4.000000
v 3.650000 0.500000 -5.800000
v 3.650000 1.300000 -5.800000
v 6.150000 0.500000 -4.000000
v 6.150000 1.300000 -4.000000
v 6.150000 0.500000 -5.800000
v 6.150000 1.300000 -5.800000
vn -1.0000 -0.0000 -0.0000
vn -0.0000 -0.0000 -1.0000
vn 1.0000 -0.0000 -0.0000
vn -0.0000 -0.0000 1.0000
vn -0.0000 -1.0000 -0.0000
vn -0.0000 1.0000 -0.0000
vt 0.375000 0.000000
vt 0.625000 0.000000
vt 0.625000 0.250000
vt 0.375000 0.250000
vt 0.625000 0.500000
vt 0.375000 0.500000
vt 0.625000 0.750000
vt 0.375000 0.750000
vt 0.625000 1.000000
vt 0.375000 1.000000
vt 0.125000 0.500000
vt 0.125000 0.750000
vt 0.875000 0.500000
vt 0.875000 0.750000
s 0
usemtl Battery_Position
f 817/1587/429 818/1588/429 820/1589/429 819/1590/429
f 819/1590/430 820/1589/430 824/1591/430 823/1592/430
f 823/1592/431 824/1591/431 822/1593/431 821/1594/431
f 821/1594/432 822/1593/432 818/1595/432 817/1596/432
f 819/1597/433 823/1592/433 821/1594/433 817/1598/433
f 824/1591/434 820/1599/434 818/1600/434 822/1593/434
